id,filepath,label,split,duration_sec,source_dataset
physionet_a0001,data/processed/audio/physionet_a0001.wav,normal,train,35.67,physionet2016
physionet_a0002,data/processed/audio/physionet_a0002.wav,normal,test,20.83,physionet2016
physionet_a0003,data/processed/audio/physionet_a0003.wav,normal,test,30.72,physionet2016
physionet_a0004,data/processed/audio/physionet_a0004.wav,normal,train,35.6,physionet2016
physionet_a0005,data/processed/audio/physionet_a0005.wav,normal,test,35.67,physionet2016
physionet_a0006,data/processed/audio/physionet_a0006.wav,normal,train,20.76,physionet2016
physionet_a0007,data/processed/audio/physionet_a0007.wav,murmur,val,35.67,physionet2016
physionet_a0008,data/processed/audio/physionet_a0008.wav,normal,train,35.81,physionet2016
physionet_a0009,data/processed/audio/physionet_a0009.wav,murmur,train,35.81,physionet2016
physionet_a0010,data/processed/audio/physionet_a0010.wav,normal,test,35.74,physionet2016
physionet_a0011,data/processed/audio/physionet_a0011.wav,murmur,test,35.6,physionet2016
physionet_a0012,data/processed/audio/physionet_a0012.wav,murmur,train,30.86,physionet2016
physionet_a0013,data/processed/audio/physionet_a0013.wav,normal,val,35.67,physionet2016
physionet_a0014,data/processed/audio/physionet_a0014.wav,normal,val,35.74,physionet2016
physionet_a0015,data/processed/audio/physionet_a0015.wav,normal,val,35.74,physionet2016
physionet_a0016,data/processed/audio/physionet_a0016.wav,murmur,test,30.79,physionet2016
physionet_a0017,data/processed/audio/physionet_a0017.wav,normal,train,35.67,physionet2016
physionet_a0018,data/processed/audio/physionet_a0018.wav,normal,test,20.9,physionet2016
physionet_a0019,data/processed/audio/physionet_a0019.wav,murmur,train,30.86,physionet2016
physionet_a0020,data/processed/audio/physionet_a0020.wav,normal,train,35.67,physionet2016
physionet_a0021,data/processed/audio/physionet_a0021.wav,normal,train,35.6,physionet2016
physionet_a0022,data/processed/audio/physionet_a0022.wav,normal,val,36.15,physionet2016
physionet_a0023,data/processed/audio/physionet_a0023.wav,normal,val,30.58,physionet2016
physionet_a0024,data/processed/audio/physionet_a0024.wav,normal,train,20.69,physionet2016
physionet_a0025,data/processed/audio/physionet_a0025.wav,murmur,train,31.14,physionet2016
physionet_a0026,data/processed/audio/physionet_a0026.wav,normal,train,35.6,physionet2016
physionet_a0027,data/processed/audio/physionet_a0027.wav,murmur,train,31.14,physionet2016
physionet_a0028,data/processed/audio/physionet_a0028.wav,murmur,train,30.86,physionet2016
physionet_a0029,data/processed/audio/physionet_a0029.wav,murmur,train,30.72,physionet2016
physionet_a0030,data/processed/audio/physionet_a0030.wav,normal,test,36.22,physionet2016
physionet_a0031,data/processed/audio/physionet_a0031.wav,normal,val,35.6,physionet2016
physionet_a0032,data/processed/audio/physionet_a0032.wav,murmur,train,35.67,physionet2016
physionet_a0033,data/processed/audio/physionet_a0033.wav,normal,train,35.67,physionet2016
physionet_a0034,data/processed/audio/physionet_a0034.wav,normal,train,30.58,physionet2016
physionet_a0035,data/processed/audio/physionet_a0035.wav,murmur,train,28.98,physionet2016
physionet_a0036,data/processed/audio/physionet_a0036.wav,normal,test,35.94,physionet2016
physionet_a0037,data/processed/audio/physionet_a0037.wav,normal,train,35.74,physionet2016
physionet_a0038,data/processed/audio/physionet_a0038.wav,murmur,train,34.63,physionet2016
physionet_a0039,data/processed/audio/physionet_a0039.wav,normal,val,30.72,physionet2016
physionet_a0040,data/processed/audio/physionet_a0040.wav,normal,train,35.67,physionet2016
physionet_a0041,data/processed/audio/physionet_a0041.wav,normal,val,35.11,physionet2016
physionet_a0042,data/processed/audio/physionet_a0042.wav,normal,val,36.15,physionet2016
physionet_a0043,data/processed/audio/physionet_a0043.wav,normal,test,35.6,physionet2016
physionet_a0044,data/processed/audio/physionet_a0044.wav,normal,train,30.65,physionet2016
physionet_a0045,data/processed/audio/physionet_a0045.wav,normal,train,35.88,physionet2016
physionet_a0046,data/processed/audio/physionet_a0046.wav,normal,train,35.74,physionet2016
physionet_a0047,data/processed/audio/physionet_a0047.wav,normal,test,35.6,physionet2016
physionet_a0048,data/processed/audio/physionet_a0048.wav,normal,train,36.22,physionet2016
physionet_a0049,data/processed/audio/physionet_a0049.wav,murmur,train,30.86,physionet2016
physionet_a0050,data/processed/audio/physionet_a0050.wav,murmur,train,30.65,physionet2016
physionet_a0051,data/processed/audio/physionet_a0051.wav,normal,train,35.6,physionet2016
physionet_a0052,data/processed/audio/physionet_a0052.wav,normal,train,35.74,physionet2016
physionet_a0053,data/processed/audio/physionet_a0053.wav,murmur,train,35.88,physionet2016
physionet_a0054,data/processed/audio/physionet_a0054.wav,normal,train,35.67,physionet2016
physionet_a0055,data/processed/audio/physionet_a0055.wav,murmur,test,35.67,physionet2016
physionet_a0056,data/processed/audio/physionet_a0056.wav,normal,train,30.79,physionet2016
physionet_a0057,data/processed/audio/physionet_a0057.wav,normal,train,35.94,physionet2016
physionet_a0058,data/processed/audio/physionet_a0058.wav,normal,train,20.62,physionet2016
physionet_a0059,data/processed/audio/physionet_a0059.wav,normal,train,35.67,physionet2016
physionet_a0060,data/processed/audio/physionet_a0060.wav,normal,train,35.67,physionet2016
physionet_a0061,data/processed/audio/physionet_a0061.wav,normal,val,30.79,physionet2016
physionet_a0062,data/processed/audio/physionet_a0062.wav,normal,train,36.08,physionet2016
physionet_a0063,data/processed/audio/physionet_a0063.wav,normal,train,35.67,physionet2016
physionet_a0064,data/processed/audio/physionet_a0064.wav,normal,train,35.6,physionet2016
physionet_a0065,data/processed/audio/physionet_a0065.wav,normal,train,35.74,physionet2016
physionet_a0066,data/processed/audio/physionet_a0066.wav,normal,train,35.6,physionet2016
physionet_a0067,data/processed/audio/physionet_a0067.wav,normal,train,20.83,physionet2016
physionet_a0068,data/processed/audio/physionet_a0068.wav,murmur,train,35.74,physionet2016
physionet_a0069,data/processed/audio/physionet_a0069.wav,murmur,train,31.0,physionet2016
physionet_a0070,data/processed/audio/physionet_a0070.wav,murmur,test,30.79,physionet2016
physionet_a0071,data/processed/audio/physionet_a0071.wav,murmur,train,29.63,physionet2016
physionet_a0072,data/processed/audio/physionet_a0072.wav,normal,test,36.29,physionet2016
physionet_a0073,data/processed/audio/physionet_a0073.wav,normal,test,35.67,physionet2016
physionet_a0074,data/processed/audio/physionet_a0074.wav,normal,train,35.6,physionet2016
physionet_a0075,data/processed/audio/physionet_a0075.wav,normal,val,35.74,physionet2016
physionet_a0076,data/processed/audio/physionet_a0076.wav,normal,val,35.67,physionet2016
physionet_a0077,data/processed/audio/physionet_a0077.wav,normal,train,35.74,physionet2016
physionet_a0078,data/processed/audio/physionet_a0078.wav,normal,val,35.74,physionet2016
physionet_a0079,data/processed/audio/physionet_a0079.wav,normal,val,30.65,physionet2016
physionet_a0080,data/processed/audio/physionet_a0080.wav,murmur,test,31.0,physionet2016
physionet_a0081,data/processed/audio/physionet_a0081.wav,murmur,train,35.67,physionet2016
physionet_a0082,data/processed/audio/physionet_a0082.wav,normal,train,30.65,physionet2016
physionet_a0083,data/processed/audio/physionet_a0083.wav,normal,train,35.67,physionet2016
physionet_a0084,data/processed/audio/physionet_a0084.wav,normal,train,30.79,physionet2016
physionet_a0085,data/processed/audio/physionet_a0085.wav,murmur,train,30.86,physionet2016
physionet_a0086,data/processed/audio/physionet_a0086.wav,murmur,test,36.22,physionet2016
physionet_a0087,data/processed/audio/physionet_a0087.wav,normal,train,20.62,physionet2016
physionet_a0088,data/processed/audio/physionet_a0088.wav,murmur,test,36.01,physionet2016
physionet_a0089,data/processed/audio/physionet_a0089.wav,normal,train,20.97,physionet2016
physionet_a0090,data/processed/audio/physionet_a0090.wav,normal,train,20.41,physionet2016
physionet_a0091,data/processed/audio/physionet_a0091.wav,murmur,train,30.65,physionet2016
physionet_a0092,data/processed/audio/physionet_a0092.wav,normal,train,35.88,physionet2016
physionet_a0093,data/processed/audio/physionet_a0093.wav,murmur,train,30.72,physionet2016
physionet_a0094,data/processed/audio/physionet_a0094.wav,murmur,test,35.67,physionet2016
physionet_a0095,data/processed/audio/physionet_a0095.wav,normal,train,35.6,physionet2016
physionet_a0096,data/processed/audio/physionet_a0096.wav,normal,train,35.67,physionet2016
physionet_a0097,data/processed/audio/physionet_a0097.wav,normal,train,35.67,physionet2016
physionet_a0098,data/processed/audio/physionet_a0098.wav,normal,train,28.54,physionet2016
physionet_a0099,data/processed/audio/physionet_a0099.wav,normal,val,35.67,physionet2016
physionet_a0100,data/processed/audio/physionet_a0100.wav,normal,test,20.62,physionet2016
physionet_a0101,data/processed/audio/physionet_a0101.wav,normal,train,35.81,physionet2016
physionet_a0102,data/processed/audio/physionet_a0102.wav,murmur,test,35.6,physionet2016
physionet_a0103,data/processed/audio/physionet_a0103.wav,normal,train,20.9,physionet2016
physionet_a0104,data/processed/audio/physionet_a0104.wav,normal,train,20.62,physionet2016
physionet_a0105,data/processed/audio/physionet_a0105.wav,murmur,train,35.24,physionet2016
physionet_a0106,data/processed/audio/physionet_a0106.wav,murmur,train,35.67,physionet2016
physionet_a0107,data/processed/audio/physionet_a0107.wav,normal,val,36.29,physionet2016
physionet_a0108,data/processed/audio/physionet_a0108.wav,murmur,train,32.48,physionet2016
physionet_a0109,data/processed/audio/physionet_a0109.wav,murmur,train,30.65,physionet2016
physionet_a0110,data/processed/audio/physionet_a0110.wav,normal,train,35.6,physionet2016
physionet_a0111,data/processed/audio/physionet_a0111.wav,normal,train,35.67,physionet2016
physionet_a0112,data/processed/audio/physionet_a0112.wav,normal,train,36.15,physionet2016
physionet_a0113,data/processed/audio/physionet_a0113.wav,normal,train,36.15,physionet2016
physionet_a0114,data/processed/audio/physionet_a0114.wav,normal,train,35.74,physionet2016
physionet_a0115,data/processed/audio/physionet_a0115.wav,normal,train,36.01,physionet2016
physionet_a0116,data/processed/audio/physionet_a0116.wav,normal,train,20.69,physionet2016
physionet_a0117,data/processed/audio/physionet_a0117.wav,normal,test,35.11,physionet2016
physionet_a0118,data/processed/audio/physionet_a0118.wav,murmur,train,30.86,physionet2016
physionet_a0119,data/processed/audio/physionet_a0119.wav,normal,train,35.74,physionet2016
physionet_a0120,data/processed/audio/physionet_a0120.wav,normal,test,36.08,physionet2016
physionet_a0121,data/processed/audio/physionet_a0121.wav,normal,train,35.67,physionet2016
physionet_a0122,data/processed/audio/physionet_a0122.wav,normal,train,35.67,physionet2016
physionet_a0123,data/processed/audio/physionet_a0123.wav,normal,val,20.62,physionet2016
physionet_a0124,data/processed/audio/physionet_a0124.wav,normal,val,35.88,physionet2016
physionet_a0125,data/processed/audio/physionet_a0125.wav,murmur,test,35.67,physionet2016
physionet_a0126,data/processed/audio/physionet_a0126.wav,normal,train,35.67,physionet2016
physionet_a0127,data/processed/audio/physionet_a0127.wav,murmur,val,35.6,physionet2016
physionet_a0128,data/processed/audio/physionet_a0128.wav,normal,train,35.67,physionet2016
physionet_a0129,data/processed/audio/physionet_a0129.wav,murmur,train,36.29,physionet2016
physionet_a0130,data/processed/audio/physionet_a0130.wav,normal,test,35.6,physionet2016
physionet_a0131,data/processed/audio/physionet_a0131.wav,normal,train,19.46,physionet2016
physionet_a0132,data/processed/audio/physionet_a0132.wav,normal,val,30.62,physionet2016
physionet_a0133,data/processed/audio/physionet_a0133.wav,normal,test,36.15,physionet2016
physionet_a0134,data/processed/audio/physionet_a0134.wav,normal,train,35.94,physionet2016
physionet_a0135,data/processed/audio/physionet_a0135.wav,normal,train,35.6,physionet2016
physionet_a0136,data/processed/audio/physionet_a0136.wav,murmur,val,30.79,physionet2016
physionet_a0137,data/processed/audio/physionet_a0137.wav,normal,train,35.81,physionet2016
physionet_a0138,data/processed/audio/physionet_a0138.wav,normal,train,21.04,physionet2016
physionet_a0139,data/processed/audio/physionet_a0139.wav,murmur,test,31.14,physionet2016
physionet_a0140,data/processed/audio/physionet_a0140.wav,murmur,test,35.67,physionet2016
physionet_a0141,data/processed/audio/physionet_a0141.wav,murmur,train,30.86,physionet2016
physionet_a0142,data/processed/audio/physionet_a0142.wav,normal,train,35.67,physionet2016
physionet_a0143,data/processed/audio/physionet_a0143.wav,normal,test,35.67,physionet2016
physionet_a0144,data/processed/audio/physionet_a0144.wav,normal,train,36.29,physionet2016
physionet_a0145,data/processed/audio/physionet_a0145.wav,normal,train,36.29,physionet2016
physionet_a0146,data/processed/audio/physionet_a0146.wav,normal,train,30.65,physionet2016
physionet_a0147,data/processed/audio/physionet_a0147.wav,normal,test,35.67,physionet2016
physionet_a0148,data/processed/audio/physionet_a0148.wav,normal,test,36.08,physionet2016
physionet_a0149,data/processed/audio/physionet_a0149.wav,normal,train,35.81,physionet2016
physionet_a0150,data/processed/audio/physionet_a0150.wav,normal,train,36.01,physionet2016
physionet_a0151,data/processed/audio/physionet_a0151.wav,normal,val,35.6,physionet2016
physionet_a0152,data/processed/audio/physionet_a0152.wav,normal,train,35.6,physionet2016
physionet_a0153,data/processed/audio/physionet_a0153.wav,murmur,train,30.65,physionet2016
physionet_a0154,data/processed/audio/physionet_a0154.wav,murmur,train,30.86,physionet2016
physionet_a0155,data/processed/audio/physionet_a0155.wav,murmur,train,35.74,physionet2016
physionet_a0156,data/processed/audio/physionet_a0156.wav,normal,val,20.76,physionet2016
physionet_a0157,data/processed/audio/physionet_a0157.wav,normal,train,35.94,physionet2016
physionet_a0158,data/processed/audio/physionet_a0158.wav,normal,train,20.83,physionet2016
physionet_a0159,data/processed/audio/physionet_a0159.wav,normal,train,35.74,physionet2016
physionet_a0160,data/processed/audio/physionet_a0160.wav,normal,train,35.6,physionet2016
physionet_a0161,data/processed/audio/physionet_a0161.wav,murmur,train,35.88,physionet2016
physionet_a0162,data/processed/audio/physionet_a0162.wav,normal,train,20.62,physionet2016
physionet_a0163,data/processed/audio/physionet_a0163.wav,normal,train,30.65,physionet2016
physionet_a0164,data/processed/audio/physionet_a0164.wav,normal,val,36.29,physionet2016
physionet_a0165,data/processed/audio/physionet_a0165.wav,murmur,train,30.86,physionet2016
physionet_a0166,data/processed/audio/physionet_a0166.wav,normal,train,35.74,physionet2016
physionet_a0167,data/processed/audio/physionet_a0167.wav,normal,train,35.6,physionet2016
physionet_a0168,data/processed/audio/physionet_a0168.wav,normal,train,35.6,physionet2016
physionet_a0169,data/processed/audio/physionet_a0169.wav,normal,test,35.6,physionet2016
physionet_a0170,data/processed/audio/physionet_a0170.wav,normal,train,35.6,physionet2016
physionet_a0171,data/processed/audio/physionet_a0171.wav,murmur,train,35.6,physionet2016
physionet_a0172,data/processed/audio/physionet_a0172.wav,normal,train,35.74,physionet2016
physionet_a0173,data/processed/audio/physionet_a0173.wav,normal,val,20.69,physionet2016
physionet_a0174,data/processed/audio/physionet_a0174.wav,normal,train,21.18,physionet2016
physionet_a0175,data/processed/audio/physionet_a0175.wav,normal,val,30.58,physionet2016
physionet_a0176,data/processed/audio/physionet_a0176.wav,normal,test,35.67,physionet2016
physionet_a0177,data/processed/audio/physionet_a0177.wav,normal,train,35.74,physionet2016
physionet_a0178,data/processed/audio/physionet_a0178.wav,murmur,train,35.67,physionet2016
physionet_a0179,data/processed/audio/physionet_a0179.wav,murmur,train,30.86,physionet2016
physionet_a0180,data/processed/audio/physionet_a0180.wav,normal,train,36.01,physionet2016
physionet_a0181,data/processed/audio/physionet_a0181.wav,murmur,train,35.81,physionet2016
physionet_a0182,data/processed/audio/physionet_a0182.wav,normal,val,35.81,physionet2016
physionet_a0183,data/processed/audio/physionet_a0183.wav,normal,train,35.67,physionet2016
physionet_a0184,data/processed/audio/physionet_a0184.wav,murmur,train,35.6,physionet2016
physionet_a0185,data/processed/audio/physionet_a0185.wav,murmur,train,35.67,physionet2016
physionet_a0186,data/processed/audio/physionet_a0186.wav,normal,train,35.67,physionet2016
physionet_a0187,data/processed/audio/physionet_a0187.wav,normal,val,35.74,physionet2016
physionet_a0188,data/processed/audio/physionet_a0188.wav,normal,train,36.29,physionet2016
physionet_a0189,data/processed/audio/physionet_a0189.wav,murmur,test,36.01,physionet2016
physionet_a0190,data/processed/audio/physionet_a0190.wav,normal,train,35.6,physionet2016
physionet_a0191,data/processed/audio/physionet_a0191.wav,normal,test,36.22,physionet2016
physionet_a0192,data/processed/audio/physionet_a0192.wav,normal,train,35.88,physionet2016
physionet_a0193,data/processed/audio/physionet_a0193.wav,murmur,val,30.86,physionet2016
physionet_a0194,data/processed/audio/physionet_a0194.wav,normal,train,20.69,physionet2016
physionet_a0195,data/processed/audio/physionet_a0195.wav,murmur,train,30.86,physionet2016
physionet_a0196,data/processed/audio/physionet_a0196.wav,murmur,train,30.72,physionet2016
physionet_a0197,data/processed/audio/physionet_a0197.wav,normal,test,35.67,physionet2016
physionet_a0198,data/processed/audio/physionet_a0198.wav,normal,train,35.67,physionet2016
physionet_a0199,data/processed/audio/physionet_a0199.wav,murmur,train,35.88,physionet2016
physionet_a0200,data/processed/audio/physionet_a0200.wav,normal,train,36.01,physionet2016
physionet_a0201,data/processed/audio/physionet_a0201.wav,normal,val,35.6,physionet2016
physionet_a0202,data/processed/audio/physionet_a0202.wav,normal,train,36.15,physionet2016
physionet_a0203,data/processed/audio/physionet_a0203.wav,normal,train,35.88,physionet2016
physionet_a0204,data/processed/audio/physionet_a0204.wav,murmur,test,31.07,physionet2016
physionet_a0205,data/processed/audio/physionet_a0205.wav,normal,train,20.62,physionet2016
physionet_a0206,data/processed/audio/physionet_a0206.wav,normal,test,35.6,physionet2016
physionet_a0207,data/processed/audio/physionet_a0207.wav,normal,train,35.74,physionet2016
physionet_a0208,data/processed/audio/physionet_a0208.wav,murmur,train,33.23,physionet2016
physionet_a0209,data/processed/audio/physionet_a0209.wav,normal,train,35.6,physionet2016
physionet_a0210,data/processed/audio/physionet_a0210.wav,murmur,train,30.79,physionet2016
physionet_a0211,data/processed/audio/physionet_a0211.wav,murmur,train,30.65,physionet2016
physionet_a0212,data/processed/audio/physionet_a0212.wav,murmur,test,35.67,physionet2016
physionet_a0213,data/processed/audio/physionet_a0213.wav,normal,train,36.08,physionet2016
physionet_a0214,data/processed/audio/physionet_a0214.wav,normal,train,35.6,physionet2016
physionet_a0215,data/processed/audio/physionet_a0215.wav,normal,val,36.15,physionet2016
physionet_a0216,data/processed/audio/physionet_a0216.wav,normal,train,35.6,physionet2016
physionet_a0217,data/processed/audio/physionet_a0217.wav,normal,test,35.6,physionet2016
physionet_a0218,data/processed/audio/physionet_a0218.wav,normal,train,35.67,physionet2016
physionet_a0219,data/processed/audio/physionet_a0219.wav,normal,train,35.6,physionet2016
physionet_a0220,data/processed/audio/physionet_a0220.wav,normal,train,35.11,physionet2016
physionet_a0221,data/processed/audio/physionet_a0221.wav,normal,train,35.6,physionet2016
physionet_a0222,data/processed/audio/physionet_a0222.wav,normal,train,30.86,physionet2016
physionet_a0223,data/processed/audio/physionet_a0223.wav,normal,train,20.69,physionet2016
physionet_a0224,data/processed/audio/physionet_a0224.wav,normal,train,36.22,physionet2016
physionet_a0225,data/processed/audio/physionet_a0225.wav,normal,test,35.6,physionet2016
physionet_a0226,data/processed/audio/physionet_a0226.wav,normal,train,31.04,physionet2016
physionet_a0227,data/processed/audio/physionet_a0227.wav,murmur,train,30.65,physionet2016
physionet_a0228,data/processed/audio/physionet_a0228.wav,normal,train,27.17,physionet2016
physionet_a0229,data/processed/audio/physionet_a0229.wav,murmur,train,30.79,physionet2016
physionet_a0230,data/processed/audio/physionet_a0230.wav,normal,train,36.22,physionet2016
physionet_a0231,data/processed/audio/physionet_a0231.wav,murmur,train,30.86,physionet2016
physionet_a0232,data/processed/audio/physionet_a0232.wav,normal,train,36.22,physionet2016
physionet_a0233,data/processed/audio/physionet_a0233.wav,normal,test,35.67,physionet2016
physionet_a0234,data/processed/audio/physionet_a0234.wav,normal,train,35.67,physionet2016
physionet_a0235,data/processed/audio/physionet_a0235.wav,murmur,train,30.58,physionet2016
physionet_a0236,data/processed/audio/physionet_a0236.wav,normal,train,36.01,physionet2016
physionet_a0237,data/processed/audio/physionet_a0237.wav,normal,train,35.6,physionet2016
physionet_a0238,data/processed/audio/physionet_a0238.wav,murmur,test,9.27,physionet2016
physionet_a0239,data/processed/audio/physionet_a0239.wav,normal,train,20.9,physionet2016
physionet_a0240,data/processed/audio/physionet_a0240.wav,normal,train,35.67,physionet2016
physionet_a0241,data/processed/audio/physionet_a0241.wav,murmur,train,35.6,physionet2016
physionet_a0242,data/processed/audio/physionet_a0242.wav,normal,train,35.6,physionet2016
physionet_a0243,data/processed/audio/physionet_a0243.wav,murmur,train,36.22,physionet2016
physionet_a0244,data/processed/audio/physionet_a0244.wav,normal,train,35.6,physionet2016
physionet_a0245,data/processed/audio/physionet_a0245.wav,normal,train,35.74,physionet2016
physionet_a0246,data/processed/audio/physionet_a0246.wav,normal,val,35.67,physionet2016
physionet_a0247,data/processed/audio/physionet_a0247.wav,normal,train,35.67,physionet2016
physionet_a0248,data/processed/audio/physionet_a0248.wav,normal,train,30.53,physionet2016
physionet_a0249,data/processed/audio/physionet_a0249.wav,normal,train,35.67,physionet2016
physionet_a0250,data/processed/audio/physionet_a0250.wav,murmur,train,31.0,physionet2016
physionet_a0251,data/processed/audio/physionet_a0251.wav,normal,train,20.62,physionet2016
physionet_a0252,data/processed/audio/physionet_a0252.wav,normal,train,21.04,physionet2016
physionet_a0253,data/processed/audio/physionet_a0253.wav,murmur,train,35.81,physionet2016
physionet_a0254,data/processed/audio/physionet_a0254.wav,normal,train,31.33,physionet2016
physionet_a0255,data/processed/audio/physionet_a0255.wav,normal,train,35.81,physionet2016
physionet_a0256,data/processed/audio/physionet_a0256.wav,normal,train,20.83,physionet2016
physionet_a0257,data/processed/audio/physionet_a0257.wav,normal,test,35.81,physionet2016
physionet_a0258,data/processed/audio/physionet_a0258.wav,normal,val,35.74,physionet2016
physionet_a0259,data/processed/audio/physionet_a0259.wav,normal,train,35.94,physionet2016
physionet_a0260,data/processed/audio/physionet_a0260.wav,normal,train,35.74,physionet2016
physionet_a0261,data/processed/audio/physionet_a0261.wav,normal,train,35.6,physionet2016
physionet_a0262,data/processed/audio/physionet_a0262.wav,normal,train,35.67,physionet2016
physionet_a0263,data/processed/audio/physionet_a0263.wav,normal,val,30.79,physionet2016
physionet_a0264,data/processed/audio/physionet_a0264.wav,murmur,train,30.79,physionet2016
physionet_a0265,data/processed/audio/physionet_a0265.wav,normal,train,20.97,physionet2016
physionet_a0266,data/processed/audio/physionet_a0266.wav,murmur,train,35.6,physionet2016
physionet_a0267,data/processed/audio/physionet_a0267.wav,normal,train,20.69,physionet2016
physionet_a0268,data/processed/audio/physionet_a0268.wav,normal,train,30.86,physionet2016
physionet_a0269,data/processed/audio/physionet_a0269.wav,normal,train,35.6,physionet2016
physionet_a0270,data/processed/audio/physionet_a0270.wav,murmur,train,30.79,physionet2016
physionet_a0271,data/processed/audio/physionet_a0271.wav,murmur,val,30.86,physionet2016
physionet_a0272,data/processed/audio/physionet_a0272.wav,normal,train,35.88,physionet2016
physionet_a0273,data/processed/audio/physionet_a0273.wav,normal,train,35.81,physionet2016
physionet_a0274,data/processed/audio/physionet_a0274.wav,murmur,train,36.22,physionet2016
physionet_a0275,data/processed/audio/physionet_a0275.wav,normal,train,30.86,physionet2016
physionet_a0276,data/processed/audio/physionet_a0276.wav,normal,val,35.81,physionet2016
physionet_a0277,data/processed/audio/physionet_a0277.wav,normal,train,31.14,physionet2016
physionet_a0278,data/processed/audio/physionet_a0278.wav,normal,train,35.6,physionet2016
physionet_a0279,data/processed/audio/physionet_a0279.wav,normal,train,35.6,physionet2016
physionet_a0280,data/processed/audio/physionet_a0280.wav,normal,val,35.74,physionet2016
physionet_a0281,data/processed/audio/physionet_a0281.wav,normal,train,28.57,physionet2016
physionet_a0282,data/processed/audio/physionet_a0282.wav,normal,train,35.74,physionet2016
physionet_a0283,data/processed/audio/physionet_a0283.wav,murmur,train,30.79,physionet2016
physionet_a0284,data/processed/audio/physionet_a0284.wav,normal,train,35.67,physionet2016
physionet_a0285,data/processed/audio/physionet_a0285.wav,murmur,train,35.67,physionet2016
physionet_a0286,data/processed/audio/physionet_a0286.wav,normal,train,35.67,physionet2016
physionet_a0287,data/processed/audio/physionet_a0287.wav,murmur,val,30.86,physionet2016
physionet_a0288,data/processed/audio/physionet_a0288.wav,normal,train,35.6,physionet2016
physionet_a0289,data/processed/audio/physionet_a0289.wav,murmur,test,30.86,physionet2016
physionet_a0290,data/processed/audio/physionet_a0290.wav,murmur,train,31.14,physionet2016
physionet_a0291,data/processed/audio/physionet_a0291.wav,normal,val,35.67,physionet2016
physionet_a0292,data/processed/audio/physionet_a0292.wav,normal,test,36.22,physionet2016
physionet_a0293,data/processed/audio/physionet_a0293.wav,murmur,test,30.72,physionet2016
physionet_a0294,data/processed/audio/physionet_a0294.wav,murmur,train,35.88,physionet2016
physionet_a0295,data/processed/audio/physionet_a0295.wav,normal,train,35.81,physionet2016
physionet_a0296,data/processed/audio/physionet_a0296.wav,normal,train,12.98,physionet2016
physionet_a0297,data/processed/audio/physionet_a0297.wav,normal,train,35.67,physionet2016
physionet_a0298,data/processed/audio/physionet_a0298.wav,murmur,train,31.0,physionet2016
physionet_a0299,data/processed/audio/physionet_a0299.wav,murmur,train,30.86,physionet2016
physionet_a0300,data/processed/audio/physionet_a0300.wav,normal,train,30.72,physionet2016
physionet_a0301,data/processed/audio/physionet_a0301.wav,murmur,train,30.79,physionet2016
physionet_a0302,data/processed/audio/physionet_a0302.wav,murmur,train,36.01,physionet2016
physionet_a0303,data/processed/audio/physionet_a0303.wav,normal,test,35.81,physionet2016
physionet_a0304,data/processed/audio/physionet_a0304.wav,murmur,train,35.67,physionet2016
physionet_a0305,data/processed/audio/physionet_a0305.wav,normal,train,35.74,physionet2016
physionet_a0306,data/processed/audio/physionet_a0306.wav,normal,val,30.65,physionet2016
physionet_a0307,data/processed/audio/physionet_a0307.wav,normal,train,34.16,physionet2016
physionet_a0308,data/processed/audio/physionet_a0308.wav,normal,train,32.94,physionet2016
physionet_a0309,data/processed/audio/physionet_a0309.wav,murmur,train,30.86,physionet2016
physionet_a0310,data/processed/audio/physionet_a0310.wav,murmur,train,30.86,physionet2016
physionet_a0311,data/processed/audio/physionet_a0311.wav,murmur,train,30.86,physionet2016
physionet_a0312,data/processed/audio/physionet_a0312.wav,normal,train,35.67,physionet2016
physionet_a0313,data/processed/audio/physionet_a0313.wav,normal,train,35.6,physionet2016
physionet_a0314,data/processed/audio/physionet_a0314.wav,normal,val,20.62,physionet2016
physionet_a0315,data/processed/audio/physionet_a0315.wav,normal,train,20.62,physionet2016
physionet_a0316,data/processed/audio/physionet_a0316.wav,normal,train,20.62,physionet2016
physionet_a0317,data/processed/audio/physionet_a0317.wav,normal,train,35.74,physionet2016
physionet_a0318,data/processed/audio/physionet_a0318.wav,normal,train,21.8,physionet2016
physionet_a0319,data/processed/audio/physionet_a0319.wav,normal,train,36.01,physionet2016
physionet_a0320,data/processed/audio/physionet_a0320.wav,normal,test,35.81,physionet2016
physionet_a0321,data/processed/audio/physionet_a0321.wav,normal,val,30.65,physionet2016
physionet_a0322,data/processed/audio/physionet_a0322.wav,normal,train,30.86,physionet2016
physionet_a0323,data/processed/audio/physionet_a0323.wav,murmur,val,20.62,physionet2016
physionet_a0324,data/processed/audio/physionet_a0324.wav,normal,train,36.5,physionet2016
physionet_a0325,data/processed/audio/physionet_a0325.wav,murmur,train,36.15,physionet2016
physionet_a0326,data/processed/audio/physionet_a0326.wav,normal,train,35.74,physionet2016
physionet_a0327,data/processed/audio/physionet_a0327.wav,normal,test,35.67,physionet2016
physionet_a0328,data/processed/audio/physionet_a0328.wav,murmur,test,30.72,physionet2016
physionet_a0329,data/processed/audio/physionet_a0329.wav,murmur,train,36.15,physionet2016
physionet_a0330,data/processed/audio/physionet_a0330.wav,murmur,train,35.67,physionet2016
physionet_a0331,data/processed/audio/physionet_a0331.wav,normal,test,28.56,physionet2016
physionet_a0332,data/processed/audio/physionet_a0332.wav,murmur,train,36.08,physionet2016
physionet_a0333,data/processed/audio/physionet_a0333.wav,normal,train,35.74,physionet2016
physionet_a0334,data/processed/audio/physionet_a0334.wav,murmur,val,35.67,physionet2016
physionet_a0335,data/processed/audio/physionet_a0335.wav,normal,train,36.29,physionet2016
physionet_a0336,data/processed/audio/physionet_a0336.wav,normal,val,12.79,physionet2016
physionet_a0337,data/processed/audio/physionet_a0337.wav,murmur,train,30.86,physionet2016
physionet_a0338,data/processed/audio/physionet_a0338.wav,normal,train,35.88,physionet2016
physionet_a0339,data/processed/audio/physionet_a0339.wav,normal,train,35.67,physionet2016
physionet_a0340,data/processed/audio/physionet_a0340.wav,murmur,train,35.6,physionet2016
physionet_a0341,data/processed/audio/physionet_a0341.wav,normal,test,33.36,physionet2016
physionet_a0342,data/processed/audio/physionet_a0342.wav,murmur,test,31.14,physionet2016
physionet_a0343,data/processed/audio/physionet_a0343.wav,normal,train,36.29,physionet2016
physionet_a0344,data/processed/audio/physionet_a0344.wav,normal,train,35.6,physionet2016
physionet_a0345,data/processed/audio/physionet_a0345.wav,normal,train,35.6,physionet2016
physionet_a0346,data/processed/audio/physionet_a0346.wav,normal,train,35.6,physionet2016
physionet_a0347,data/processed/audio/physionet_a0347.wav,normal,train,20.69,physionet2016
physionet_a0348,data/processed/audio/physionet_a0348.wav,normal,train,36.15,physionet2016
physionet_a0349,data/processed/audio/physionet_a0349.wav,normal,train,35.6,physionet2016
physionet_a0350,data/processed/audio/physionet_a0350.wav,normal,train,32.08,physionet2016
physionet_a0351,data/processed/audio/physionet_a0351.wav,murmur,val,35.67,physionet2016
physionet_a0352,data/processed/audio/physionet_a0352.wav,murmur,val,36.29,physionet2016
physionet_a0353,data/processed/audio/physionet_a0353.wav,murmur,train,30.65,physionet2016
physionet_a0354,data/processed/audio/physionet_a0354.wav,normal,test,35.67,physionet2016
physionet_a0355,data/processed/audio/physionet_a0355.wav,murmur,val,36.22,physionet2016
physionet_a0356,data/processed/audio/physionet_a0356.wav,normal,train,35.67,physionet2016
physionet_a0357,data/processed/audio/physionet_a0357.wav,normal,val,30.86,physionet2016
physionet_a0358,data/processed/audio/physionet_a0358.wav,normal,train,20.62,physionet2016
physionet_a0359,data/processed/audio/physionet_a0359.wav,murmur,train,30.65,physionet2016
physionet_a0360,data/processed/audio/physionet_a0360.wav,normal,test,20.62,physionet2016
physionet_a0361,data/processed/audio/physionet_a0361.wav,murmur,test,31.0,physionet2016
physionet_a0362,data/processed/audio/physionet_a0362.wav,normal,test,35.88,physionet2016
physionet_a0363,data/processed/audio/physionet_a0363.wav,normal,test,35.6,physionet2016
physionet_a0364,data/processed/audio/physionet_a0364.wav,normal,train,35.94,physionet2016
physionet_a0365,data/processed/audio/physionet_a0365.wav,normal,train,30.65,physionet2016
physionet_a0366,data/processed/audio/physionet_a0366.wav,normal,val,35.67,physionet2016
physionet_a0367,data/processed/audio/physionet_a0367.wav,normal,train,35.6,physionet2016
physionet_a0368,data/processed/audio/physionet_a0368.wav,normal,val,30.72,physionet2016
physionet_a0369,data/processed/audio/physionet_a0369.wav,normal,val,20.83,physionet2016
physionet_a0370,data/processed/audio/physionet_a0370.wav,normal,train,35.67,physionet2016
physionet_a0371,data/processed/audio/physionet_a0371.wav,normal,train,20.97,physionet2016
physionet_a0372,data/processed/audio/physionet_a0372.wav,normal,train,35.67,physionet2016
physionet_a0373,data/processed/audio/physionet_a0373.wav,normal,train,30.65,physionet2016
physionet_a0374,data/processed/audio/physionet_a0374.wav,normal,train,35.81,physionet2016
physionet_a0375,data/processed/audio/physionet_a0375.wav,normal,test,30.86,physionet2016
physionet_a0376,data/processed/audio/physionet_a0376.wav,normal,train,35.81,physionet2016
physionet_a0377,data/processed/audio/physionet_a0377.wav,normal,train,36.29,physionet2016
physionet_a0378,data/processed/audio/physionet_a0378.wav,normal,train,35.6,physionet2016
physionet_a0379,data/processed/audio/physionet_a0379.wav,normal,train,35.6,physionet2016
physionet_a0380,data/processed/audio/physionet_a0380.wav,normal,train,35.67,physionet2016
physionet_a0381,data/processed/audio/physionet_a0381.wav,normal,train,35.74,physionet2016
physionet_a0382,data/processed/audio/physionet_a0382.wav,normal,train,20.83,physionet2016
physionet_a0383,data/processed/audio/physionet_a0383.wav,normal,train,20.83,physionet2016
physionet_a0384,data/processed/audio/physionet_a0384.wav,normal,train,30.72,physionet2016
physionet_a0385,data/processed/audio/physionet_a0385.wav,murmur,train,20.97,physionet2016
physionet_a0386,data/processed/audio/physionet_a0386.wav,murmur,train,36.01,physionet2016
physionet_a0387,data/processed/audio/physionet_a0387.wav,normal,test,35.67,physionet2016
physionet_a0388,data/processed/audio/physionet_a0388.wav,normal,test,35.6,physionet2016
physionet_a0389,data/processed/audio/physionet_a0389.wav,normal,val,36.22,physionet2016
physionet_a0390,data/processed/audio/physionet_a0390.wav,normal,train,35.74,physionet2016
physionet_a0391,data/processed/audio/physionet_a0391.wav,normal,train,35.74,physionet2016
physionet_a0392,data/processed/audio/physionet_a0392.wav,normal,test,35.67,physionet2016
physionet_a0393,data/processed/audio/physionet_a0393.wav,murmur,test,35.6,physionet2016
physionet_a0394,data/processed/audio/physionet_a0394.wav,normal,train,24.69,physionet2016
physionet_a0395,data/processed/audio/physionet_a0395.wav,normal,test,14.79,physionet2016
physionet_a0396,data/processed/audio/physionet_a0396.wav,normal,train,35.81,physionet2016
physionet_a0397,data/processed/audio/physionet_a0397.wav,normal,train,30.65,physionet2016
physionet_a0398,data/processed/audio/physionet_a0398.wav,normal,train,35.94,physionet2016
physionet_a0399,data/processed/audio/physionet_a0399.wav,normal,train,36.01,physionet2016
physionet_a0400,data/processed/audio/physionet_a0400.wav,normal,train,16.32,physionet2016
physionet_a0401,data/processed/audio/physionet_a0401.wav,murmur,train,36.22,physionet2016
physionet_a0402,data/processed/audio/physionet_a0402.wav,normal,train,36.29,physionet2016
physionet_a0403,data/processed/audio/physionet_a0403.wav,normal,train,36.29,physionet2016
physionet_a0404,data/processed/audio/physionet_a0404.wav,normal,test,30.79,physionet2016
physionet_a0405,data/processed/audio/physionet_a0405.wav,murmur,val,12.53,physionet2016
physionet_a0406,data/processed/audio/physionet_a0406.wav,murmur,train,35.6,physionet2016
physionet_a0407,data/processed/audio/physionet_a0407.wav,murmur,val,35.67,physionet2016
physionet_a0408,data/processed/audio/physionet_a0408.wav,murmur,train,30.58,physionet2016
physionet_a0409,data/processed/audio/physionet_a0409.wav,murmur,train,30.72,physionet2016
physionet_b0001,data/processed/audio/physionet_b0001.wav,murmur,train,8.0,physionet2016
physionet_b0002,data/processed/audio/physionet_b0002.wav,murmur,test,8.0,physionet2016
physionet_b0003,data/processed/audio/physionet_b0003.wav,murmur,train,8.0,physionet2016
physionet_b0004,data/processed/audio/physionet_b0004.wav,murmur,train,8.0,physionet2016
physionet_b0005,data/processed/audio/physionet_b0005.wav,murmur,train,8.0,physionet2016
physionet_b0006,data/processed/audio/physionet_b0006.wav,murmur,train,8.0,physionet2016
physionet_b0007,data/processed/audio/physionet_b0007.wav,murmur,val,8.0,physionet2016
physionet_b0008,data/processed/audio/physionet_b0008.wav,normal,train,8.0,physionet2016
physionet_b0009,data/processed/audio/physionet_b0009.wav,murmur,train,8.0,physionet2016
physionet_b0010,data/processed/audio/physionet_b0010.wav,murmur,train,8.0,physionet2016
physionet_b0011,data/processed/audio/physionet_b0011.wav,murmur,test,8.0,physionet2016
physionet_b0012,data/processed/audio/physionet_b0012.wav,murmur,train,8.0,physionet2016
physionet_b0013,data/processed/audio/physionet_b0013.wav,normal,train,8.0,physionet2016
physionet_b0014,data/processed/audio/physionet_b0014.wav,murmur,train,8.0,physionet2016
physionet_b0015,data/processed/audio/physionet_b0015.wav,murmur,train,8.0,physionet2016
physionet_b0016,data/processed/audio/physionet_b0016.wav,normal,train,8.0,physionet2016
physionet_b0017,data/processed/audio/physionet_b0017.wav,murmur,test,8.0,physionet2016
physionet_b0018,data/processed/audio/physionet_b0018.wav,normal,train,8.0,physionet2016
physionet_b0019,data/processed/audio/physionet_b0019.wav,murmur,val,8.0,physionet2016
physionet_b0020,data/processed/audio/physionet_b0020.wav,murmur,train,8.0,physionet2016
physionet_b0021,data/processed/audio/physionet_b0021.wav,murmur,train,8.0,physionet2016
physionet_b0022,data/processed/audio/physionet_b0022.wav,normal,val,8.0,physionet2016
physionet_b0023,data/processed/audio/physionet_b0023.wav,normal,train,8.0,physionet2016
physionet_b0024,data/processed/audio/physionet_b0024.wav,murmur,train,8.0,physionet2016
physionet_b0025,data/processed/audio/physionet_b0025.wav,murmur,train,8.0,physionet2016
physionet_b0026,data/processed/audio/physionet_b0026.wav,murmur,train,8.0,physionet2016
physionet_b0027,data/processed/audio/physionet_b0027.wav,murmur,train,8.0,physionet2016
physionet_b0028,data/processed/audio/physionet_b0028.wav,murmur,val,8.0,physionet2016
physionet_b0029,data/processed/audio/physionet_b0029.wav,murmur,train,8.0,physionet2016
physionet_b0030,data/processed/audio/physionet_b0030.wav,normal,test,8.0,physionet2016
physionet_b0031,data/processed/audio/physionet_b0031.wav,murmur,val,6.99,physionet2016
physionet_b0032,data/processed/audio/physionet_b0032.wav,normal,val,8.0,physionet2016
physionet_b0033,data/processed/audio/physionet_b0033.wav,normal,train,5.31,physionet2016
physionet_b0034,data/processed/audio/physionet_b0034.wav,murmur,train,8.0,physionet2016
physionet_b0035,data/processed/audio/physionet_b0035.wav,murmur,train,8.0,physionet2016
physionet_b0036,data/processed/audio/physionet_b0036.wav,murmur,train,8.0,physionet2016
physionet_b0037,data/processed/audio/physionet_b0037.wav,normal,val,6.85,physionet2016
physionet_b0038,data/processed/audio/physionet_b0038.wav,murmur,train,8.0,physionet2016
physionet_b0039,data/processed/audio/physionet_b0039.wav,murmur,train,8.0,physionet2016
physionet_b0040,data/processed/audio/physionet_b0040.wav,normal,train,8.0,physionet2016
physionet_b0041,data/processed/audio/physionet_b0041.wav,normal,val,8.0,physionet2016
physionet_b0042,data/processed/audio/physionet_b0042.wav,murmur,train,8.0,physionet2016
physionet_b0043,data/processed/audio/physionet_b0043.wav,normal,train,8.0,physionet2016
physionet_b0044,data/processed/audio/physionet_b0044.wav,murmur,train,8.0,physionet2016
physionet_b0045,data/processed/audio/physionet_b0045.wav,murmur,train,8.0,physionet2016
physionet_b0046,data/processed/audio/physionet_b0046.wav,normal,train,8.0,physionet2016
physionet_b0047,data/processed/audio/physionet_b0047.wav,murmur,train,8.0,physionet2016
physionet_b0048,data/processed/audio/physionet_b0048.wav,normal,train,8.0,physionet2016
physionet_b0049,data/processed/audio/physionet_b0049.wav,murmur,train,8.0,physionet2016
physionet_b0050,data/processed/audio/physionet_b0050.wav,murmur,train,8.0,physionet2016
physionet_b0051,data/processed/audio/physionet_b0051.wav,murmur,test,8.0,physionet2016
physionet_b0052,data/processed/audio/physionet_b0052.wav,murmur,test,8.0,physionet2016
physionet_b0053,data/processed/audio/physionet_b0053.wav,murmur,test,8.0,physionet2016
physionet_b0054,data/processed/audio/physionet_b0054.wav,normal,train,8.0,physionet2016
physionet_b0055,data/processed/audio/physionet_b0055.wav,murmur,train,8.0,physionet2016
physionet_b0056,data/processed/audio/physionet_b0056.wav,murmur,train,8.0,physionet2016
physionet_b0057,data/processed/audio/physionet_b0057.wav,normal,train,8.0,physionet2016
physionet_b0058,data/processed/audio/physionet_b0058.wav,murmur,test,8.0,physionet2016
physionet_b0059,data/processed/audio/physionet_b0059.wav,murmur,train,8.0,physionet2016
physionet_b0060,data/processed/audio/physionet_b0060.wav,murmur,train,8.0,physionet2016
physionet_b0061,data/processed/audio/physionet_b0061.wav,murmur,train,8.0,physionet2016
physionet_b0062,data/processed/audio/physionet_b0062.wav,murmur,train,8.0,physionet2016
physionet_b0063,data/processed/audio/physionet_b0063.wav,normal,val,8.0,physionet2016
physionet_b0064,data/processed/audio/physionet_b0064.wav,murmur,train,8.0,physionet2016
physionet_b0065,data/processed/audio/physionet_b0065.wav,murmur,train,8.0,physionet2016
physionet_b0066,data/processed/audio/physionet_b0066.wav,murmur,train,8.0,physionet2016
physionet_b0067,data/processed/audio/physionet_b0067.wav,murmur,train,8.0,physionet2016
physionet_b0068,data/processed/audio/physionet_b0068.wav,normal,train,8.0,physionet2016
physionet_b0069,data/processed/audio/physionet_b0069.wav,murmur,test,8.0,physionet2016
physionet_b0070,data/processed/audio/physionet_b0070.wav,murmur,val,8.0,physionet2016
physionet_b0071,data/processed/audio/physionet_b0071.wav,murmur,train,8.0,physionet2016
physionet_b0072,data/processed/audio/physionet_b0072.wav,murmur,val,8.0,physionet2016
physionet_b0073,data/processed/audio/physionet_b0073.wav,murmur,train,8.0,physionet2016
physionet_b0074,data/processed/audio/physionet_b0074.wav,murmur,train,8.0,physionet2016
physionet_b0075,data/processed/audio/physionet_b0075.wav,murmur,train,8.0,physionet2016
physionet_b0076,data/processed/audio/physionet_b0076.wav,murmur,train,8.0,physionet2016
physionet_b0077,data/processed/audio/physionet_b0077.wav,normal,train,8.0,physionet2016
physionet_b0078,data/processed/audio/physionet_b0078.wav,murmur,val,8.0,physionet2016
physionet_b0079,data/processed/audio/physionet_b0079.wav,murmur,val,8.0,physionet2016
physionet_b0080,data/processed/audio/physionet_b0080.wav,murmur,train,8.0,physionet2016
physionet_b0081,data/processed/audio/physionet_b0081.wav,normal,train,8.0,physionet2016
physionet_b0082,data/processed/audio/physionet_b0082.wav,murmur,train,8.0,physionet2016
physionet_b0083,data/processed/audio/physionet_b0083.wav,murmur,train,8.0,physionet2016
physionet_b0084,data/processed/audio/physionet_b0084.wav,murmur,train,8.0,physionet2016
physionet_b0085,data/processed/audio/physionet_b0085.wav,murmur,test,8.0,physionet2016
physionet_b0086,data/processed/audio/physionet_b0086.wav,normal,train,8.0,physionet2016
physionet_b0087,data/processed/audio/physionet_b0087.wav,murmur,train,8.0,physionet2016
physionet_b0088,data/processed/audio/physionet_b0088.wav,murmur,val,8.0,physionet2016
physionet_b0089,data/processed/audio/physionet_b0089.wav,murmur,test,8.0,physionet2016
physionet_b0090,data/processed/audio/physionet_b0090.wav,murmur,train,8.0,physionet2016
physionet_b0091,data/processed/audio/physionet_b0091.wav,murmur,train,8.0,physionet2016
physionet_b0092,data/processed/audio/physionet_b0092.wav,murmur,train,8.0,physionet2016
physionet_b0093,data/processed/audio/physionet_b0093.wav,murmur,train,8.0,physionet2016
physionet_b0094,data/processed/audio/physionet_b0094.wav,murmur,train,8.0,physionet2016
physionet_b0095,data/processed/audio/physionet_b0095.wav,murmur,test,8.0,physionet2016
physionet_b0096,data/processed/audio/physionet_b0096.wav,normal,train,8.0,physionet2016
physionet_b0097,data/processed/audio/physionet_b0097.wav,murmur,train,8.0,physionet2016
physionet_b0098,data/processed/audio/physionet_b0098.wav,murmur,train,8.0,physionet2016
physionet_b0099,data/processed/audio/physionet_b0099.wav,murmur,val,8.0,physionet2016
physionet_b0100,data/processed/audio/physionet_b0100.wav,murmur,train,8.0,physionet2016
physionet_b0101,data/processed/audio/physionet_b0101.wav,murmur,train,8.0,physionet2016
physionet_b0102,data/processed/audio/physionet_b0102.wav,murmur,train,8.0,physionet2016
physionet_b0103,data/processed/audio/physionet_b0103.wav,murmur,train,8.0,physionet2016
physionet_b0104,data/processed/audio/physionet_b0104.wav,murmur,val,8.0,physionet2016
physionet_b0105,data/processed/audio/physionet_b0105.wav,murmur,test,8.0,physionet2016
physionet_b0106,data/processed/audio/physionet_b0106.wav,normal,train,8.0,physionet2016
physionet_b0107,data/processed/audio/physionet_b0107.wav,murmur,train,8.0,physionet2016
physionet_b0108,data/processed/audio/physionet_b0108.wav,murmur,train,8.0,physionet2016
physionet_b0109,data/processed/audio/physionet_b0109.wav,murmur,val,8.0,physionet2016
physionet_b0110,data/processed/audio/physionet_b0110.wav,murmur,test,8.0,physionet2016
physionet_b0111,data/processed/audio/physionet_b0111.wav,murmur,train,8.0,physionet2016
physionet_b0112,data/processed/audio/physionet_b0112.wav,murmur,train,8.0,physionet2016
physionet_b0113,data/processed/audio/physionet_b0113.wav,murmur,train,8.0,physionet2016
physionet_b0114,data/processed/audio/physionet_b0114.wav,murmur,train,8.0,physionet2016
physionet_b0115,data/processed/audio/physionet_b0115.wav,murmur,val,8.0,physionet2016
physionet_b0116,data/processed/audio/physionet_b0116.wav,murmur,train,8.0,physionet2016
physionet_b0117,data/processed/audio/physionet_b0117.wav,normal,train,8.0,physionet2016
physionet_b0118,data/processed/audio/physionet_b0118.wav,murmur,train,8.0,physionet2016
physionet_b0119,data/processed/audio/physionet_b0119.wav,murmur,train,8.0,physionet2016
physionet_b0120,data/processed/audio/physionet_b0120.wav,normal,train,8.0,physionet2016
physionet_b0121,data/processed/audio/physionet_b0121.wav,murmur,train,8.0,physionet2016
physionet_b0122,data/processed/audio/physionet_b0122.wav,murmur,train,7.85,physionet2016
physionet_b0123,data/processed/audio/physionet_b0123.wav,murmur,test,8.0,physionet2016
physionet_b0124,data/processed/audio/physionet_b0124.wav,murmur,train,8.0,physionet2016
physionet_b0125,data/processed/audio/physionet_b0125.wav,murmur,train,8.0,physionet2016
physionet_b0126,data/processed/audio/physionet_b0126.wav,murmur,train,8.0,physionet2016
physionet_b0127,data/processed/audio/physionet_b0127.wav,murmur,train,8.0,physionet2016
physionet_b0128,data/processed/audio/physionet_b0128.wav,murmur,train,7.76,physionet2016
physionet_b0129,data/processed/audio/physionet_b0129.wav,murmur,train,8.0,physionet2016
physionet_b0130,data/processed/audio/physionet_b0130.wav,normal,train,8.0,physionet2016
physionet_b0131,data/processed/audio/physionet_b0131.wav,murmur,train,8.0,physionet2016
physionet_b0132,data/processed/audio/physionet_b0132.wav,murmur,train,8.0,physionet2016
physionet_b0133,data/processed/audio/physionet_b0133.wav,murmur,train,8.0,physionet2016
physionet_b0134,data/processed/audio/physionet_b0134.wav,murmur,train,8.0,physionet2016
physionet_b0135,data/processed/audio/physionet_b0135.wav,murmur,train,8.0,physionet2016
physionet_b0136,data/processed/audio/physionet_b0136.wav,normal,val,8.0,physionet2016
physionet_b0137,data/processed/audio/physionet_b0137.wav,normal,train,8.0,physionet2016
physionet_b0138,data/processed/audio/physionet_b0138.wav,murmur,train,8.0,physionet2016
physionet_b0139,data/processed/audio/physionet_b0139.wav,murmur,train,8.0,physionet2016
physionet_b0140,data/processed/audio/physionet_b0140.wav,normal,test,8.0,physionet2016
physionet_b0141,data/processed/audio/physionet_b0141.wav,murmur,train,8.0,physionet2016
physionet_b0142,data/processed/audio/physionet_b0142.wav,murmur,train,8.0,physionet2016
physionet_b0143,data/processed/audio/physionet_b0143.wav,murmur,train,8.0,physionet2016
physionet_b0144,data/processed/audio/physionet_b0144.wav,murmur,train,8.0,physionet2016
physionet_b0145,data/processed/audio/physionet_b0145.wav,murmur,train,8.0,physionet2016
physionet_b0146,data/processed/audio/physionet_b0146.wav,murmur,train,8.0,physionet2016
physionet_b0147,data/processed/audio/physionet_b0147.wav,murmur,train,8.0,physionet2016
physionet_b0148,data/processed/audio/physionet_b0148.wav,normal,train,8.0,physionet2016
physionet_b0149,data/processed/audio/physionet_b0149.wav,murmur,train,8.0,physionet2016
physionet_b0150,data/processed/audio/physionet_b0150.wav,murmur,train,8.0,physionet2016
physionet_b0151,data/processed/audio/physionet_b0151.wav,murmur,train,7.36,physionet2016
physionet_b0152,data/processed/audio/physionet_b0152.wav,murmur,val,8.0,physionet2016
physionet_b0153,data/processed/audio/physionet_b0153.wav,murmur,train,8.0,physionet2016
physionet_b0154,data/processed/audio/physionet_b0154.wav,murmur,train,8.0,physionet2016
physionet_b0155,data/processed/audio/physionet_b0155.wav,normal,train,8.0,physionet2016
physionet_b0156,data/processed/audio/physionet_b0156.wav,murmur,train,8.0,physionet2016
physionet_b0157,data/processed/audio/physionet_b0157.wav,murmur,test,8.0,physionet2016
physionet_b0158,data/processed/audio/physionet_b0158.wav,murmur,train,8.0,physionet2016
physionet_b0159,data/processed/audio/physionet_b0159.wav,normal,train,8.0,physionet2016
physionet_b0160,data/processed/audio/physionet_b0160.wav,murmur,train,8.0,physionet2016
physionet_b0161,data/processed/audio/physionet_b0161.wav,murmur,train,8.0,physionet2016
physionet_b0162,data/processed/audio/physionet_b0162.wav,murmur,train,8.0,physionet2016
physionet_b0163,data/processed/audio/physionet_b0163.wav,murmur,train,8.0,physionet2016
physionet_b0164,data/processed/audio/physionet_b0164.wav,normal,test,8.0,physionet2016
physionet_b0165,data/processed/audio/physionet_b0165.wav,murmur,train,8.0,physionet2016
physionet_b0166,data/processed/audio/physionet_b0166.wav,murmur,train,8.0,physionet2016
physionet_b0167,data/processed/audio/physionet_b0167.wav,murmur,val,8.0,physionet2016
physionet_b0168,data/processed/audio/physionet_b0168.wav,murmur,train,8.0,physionet2016
physionet_b0169,data/processed/audio/physionet_b0169.wav,murmur,train,8.0,physionet2016
physionet_b0170,data/processed/audio/physionet_b0170.wav,murmur,test,8.0,physionet2016
physionet_b0171,data/processed/audio/physionet_b0171.wav,normal,train,8.0,physionet2016
physionet_b0172,data/processed/audio/physionet_b0172.wav,murmur,train,8.0,physionet2016
physionet_b0173,data/processed/audio/physionet_b0173.wav,murmur,train,8.0,physionet2016
physionet_b0174,data/processed/audio/physionet_b0174.wav,murmur,train,8.0,physionet2016
physionet_b0175,data/processed/audio/physionet_b0175.wav,murmur,train,8.0,physionet2016
physionet_b0176,data/processed/audio/physionet_b0176.wav,normal,train,8.0,physionet2016
physionet_b0177,data/processed/audio/physionet_b0177.wav,murmur,train,8.0,physionet2016
physionet_b0178,data/processed/audio/physionet_b0178.wav,murmur,train,8.0,physionet2016
physionet_b0179,data/processed/audio/physionet_b0179.wav,murmur,train,8.0,physionet2016
physionet_b0180,data/processed/audio/physionet_b0180.wav,murmur,train,8.0,physionet2016
physionet_b0181,data/processed/audio/physionet_b0181.wav,murmur,train,8.0,physionet2016
physionet_b0182,data/processed/audio/physionet_b0182.wav,murmur,test,8.0,physionet2016
physionet_b0183,data/processed/audio/physionet_b0183.wav,murmur,test,8.0,physionet2016
physionet_b0184,data/processed/audio/physionet_b0184.wav,murmur,train,8.0,physionet2016
physionet_b0185,data/processed/audio/physionet_b0185.wav,murmur,train,8.0,physionet2016
physionet_b0186,data/processed/audio/physionet_b0186.wav,murmur,train,8.0,physionet2016
physionet_b0187,data/processed/audio/physionet_b0187.wav,murmur,test,8.0,physionet2016
physionet_b0188,data/processed/audio/physionet_b0188.wav,murmur,test,8.0,physionet2016
physionet_b0189,data/processed/audio/physionet_b0189.wav,murmur,train,8.0,physionet2016
physionet_b0190,data/processed/audio/physionet_b0190.wav,normal,test,8.0,physionet2016
physionet_b0191,data/processed/audio/physionet_b0191.wav,murmur,train,8.0,physionet2016
physionet_b0192,data/processed/audio/physionet_b0192.wav,murmur,train,8.0,physionet2016
physionet_b0193,data/processed/audio/physionet_b0193.wav,murmur,test,8.0,physionet2016
physionet_b0194,data/processed/audio/physionet_b0194.wav,murmur,train,8.0,physionet2016
physionet_b0195,data/processed/audio/physionet_b0195.wav,murmur,test,8.0,physionet2016
physionet_b0196,data/processed/audio/physionet_b0196.wav,murmur,train,8.0,physionet2016
physionet_b0197,data/processed/audio/physionet_b0197.wav,normal,test,8.0,physionet2016
physionet_b0198,data/processed/audio/physionet_b0198.wav,murmur,val,8.0,physionet2016
physionet_b0199,data/processed/audio/physionet_b0199.wav,murmur,train,8.0,physionet2016
physionet_b0200,data/processed/audio/physionet_b0200.wav,murmur,train,8.0,physionet2016
physionet_b0201,data/processed/audio/physionet_b0201.wav,murmur,val,8.0,physionet2016
physionet_b0202,data/processed/audio/physionet_b0202.wav,murmur,train,8.0,physionet2016
physionet_b0203,data/processed/audio/physionet_b0203.wav,murmur,train,8.0,physionet2016
physionet_b0204,data/processed/audio/physionet_b0204.wav,murmur,train,8.0,physionet2016
physionet_b0205,data/processed/audio/physionet_b0205.wav,murmur,train,8.0,physionet2016
physionet_b0206,data/processed/audio/physionet_b0206.wav,murmur,train,8.0,physionet2016
physionet_b0207,data/processed/audio/physionet_b0207.wav,murmur,val,8.0,physionet2016
physionet_b0208,data/processed/audio/physionet_b0208.wav,normal,train,8.0,physionet2016
physionet_b0209,data/processed/audio/physionet_b0209.wav,murmur,train,8.0,physionet2016
physionet_b0210,data/processed/audio/physionet_b0210.wav,murmur,train,8.0,physionet2016
physionet_b0211,data/processed/audio/physionet_b0211.wav,murmur,train,8.0,physionet2016
physionet_b0212,data/processed/audio/physionet_b0212.wav,murmur,train,8.0,physionet2016
physionet_b0213,data/processed/audio/physionet_b0213.wav,murmur,train,8.0,physionet2016
physionet_b0214,data/processed/audio/physionet_b0214.wav,murmur,train,8.0,physionet2016
physionet_b0215,data/processed/audio/physionet_b0215.wav,murmur,train,8.0,physionet2016
physionet_b0216,data/processed/audio/physionet_b0216.wav,murmur,train,8.0,physionet2016
physionet_b0217,data/processed/audio/physionet_b0217.wav,murmur,test,8.0,physionet2016
physionet_b0218,data/processed/audio/physionet_b0218.wav,murmur,train,8.0,physionet2016
physionet_b0219,data/processed/audio/physionet_b0219.wav,murmur,test,8.0,physionet2016
physionet_b0220,data/processed/audio/physionet_b0220.wav,murmur,train,8.0,physionet2016
physionet_b0221,data/processed/audio/physionet_b0221.wav,normal,train,8.0,physionet2016
physionet_b0222,data/processed/audio/physionet_b0222.wav,murmur,train,8.0,physionet2016
physionet_b0223,data/processed/audio/physionet_b0223.wav,murmur,train,8.0,physionet2016
physionet_b0224,data/processed/audio/physionet_b0224.wav,normal,test,8.0,physionet2016
physionet_b0225,data/processed/audio/physionet_b0225.wav,murmur,train,8.0,physionet2016
physionet_b0226,data/processed/audio/physionet_b0226.wav,murmur,test,8.0,physionet2016
physionet_b0227,data/processed/audio/physionet_b0227.wav,murmur,train,8.0,physionet2016
physionet_b0228,data/processed/audio/physionet_b0228.wav,murmur,test,8.0,physionet2016
physionet_b0229,data/processed/audio/physionet_b0229.wav,murmur,train,8.0,physionet2016
physionet_b0230,data/processed/audio/physionet_b0230.wav,murmur,train,8.0,physionet2016
physionet_b0231,data/processed/audio/physionet_b0231.wav,murmur,test,8.0,physionet2016
physionet_b0232,data/processed/audio/physionet_b0232.wav,normal,test,8.0,physionet2016
physionet_b0233,data/processed/audio/physionet_b0233.wav,normal,train,8.0,physionet2016
physionet_b0234,data/processed/audio/physionet_b0234.wav,murmur,train,8.0,physionet2016
physionet_b0235,data/processed/audio/physionet_b0235.wav,normal,train,8.0,physionet2016
physionet_b0236,data/processed/audio/physionet_b0236.wav,murmur,train,8.0,physionet2016
physionet_b0237,data/processed/audio/physionet_b0237.wav,murmur,train,8.0,physionet2016
physionet_b0238,data/processed/audio/physionet_b0238.wav,normal,train,8.0,physionet2016
physionet_b0239,data/processed/audio/physionet_b0239.wav,normal,val,8.0,physionet2016
physionet_b0240,data/processed/audio/physionet_b0240.wav,murmur,train,8.0,physionet2016
physionet_b0241,data/processed/audio/physionet_b0241.wav,murmur,train,8.0,physionet2016
physionet_b0242,data/processed/audio/physionet_b0242.wav,normal,train,8.0,physionet2016
physionet_b0243,data/processed/audio/physionet_b0243.wav,normal,train,8.0,physionet2016
physionet_b0244,data/processed/audio/physionet_b0244.wav,murmur,train,8.0,physionet2016
physionet_b0245,data/processed/audio/physionet_b0245.wav,murmur,test,8.0,physionet2016
physionet_b0246,data/processed/audio/physionet_b0246.wav,murmur,train,8.0,physionet2016
physionet_b0247,data/processed/audio/physionet_b0247.wav,murmur,val,8.0,physionet2016
physionet_b0248,data/processed/audio/physionet_b0248.wav,normal,train,8.0,physionet2016
physionet_b0249,data/processed/audio/physionet_b0249.wav,murmur,test,8.0,physionet2016
physionet_b0250,data/processed/audio/physionet_b0250.wav,murmur,test,8.0,physionet2016
physionet_b0251,data/processed/audio/physionet_b0251.wav,normal,train,8.0,physionet2016
physionet_b0252,data/processed/audio/physionet_b0252.wav,murmur,test,8.0,physionet2016
physionet_b0253,data/processed/audio/physionet_b0253.wav,normal,test,8.0,physionet2016
physionet_b0254,data/processed/audio/physionet_b0254.wav,murmur,test,8.0,physionet2016
physionet_b0255,data/processed/audio/physionet_b0255.wav,murmur,train,8.0,physionet2016
physionet_b0256,data/processed/audio/physionet_b0256.wav,murmur,test,8.0,physionet2016
physionet_b0257,data/processed/audio/physionet_b0257.wav,normal,train,8.0,physionet2016
physionet_b0258,data/processed/audio/physionet_b0258.wav,murmur,train,8.0,physionet2016
physionet_b0259,data/processed/audio/physionet_b0259.wav,murmur,val,8.0,physionet2016
physionet_b0260,data/processed/audio/physionet_b0260.wav,murmur,train,8.0,physionet2016
physionet_b0261,data/processed/audio/physionet_b0261.wav,murmur,train,8.0,physionet2016
physionet_b0262,data/processed/audio/physionet_b0262.wav,normal,train,8.0,physionet2016
physionet_b0263,data/processed/audio/physionet_b0263.wav,normal,train,8.0,physionet2016
physionet_b0264,data/processed/audio/physionet_b0264.wav,murmur,val,8.0,physionet2016
physionet_b0265,data/processed/audio/physionet_b0265.wav,normal,train,8.0,physionet2016
physionet_b0266,data/processed/audio/physionet_b0266.wav,murmur,test,8.0,physionet2016
physionet_b0267,data/processed/audio/physionet_b0267.wav,normal,train,8.0,physionet2016
physionet_b0268,data/processed/audio/physionet_b0268.wav,murmur,val,8.0,physionet2016
physionet_b0269,data/processed/audio/physionet_b0269.wav,murmur,train,8.0,physionet2016
physionet_b0270,data/processed/audio/physionet_b0270.wav,murmur,train,8.0,physionet2016
physionet_b0271,data/processed/audio/physionet_b0271.wav,normal,train,8.0,physionet2016
physionet_b0272,data/processed/audio/physionet_b0272.wav,murmur,train,7.45,physionet2016
physionet_b0273,data/processed/audio/physionet_b0273.wav,normal,train,7.28,physionet2016
physionet_b0274,data/processed/audio/physionet_b0274.wav,murmur,test,8.0,physionet2016
physionet_b0275,data/processed/audio/physionet_b0275.wav,murmur,train,8.0,physionet2016
physionet_b0276,data/processed/audio/physionet_b0276.wav,murmur,val,8.0,physionet2016
physionet_b0277,data/processed/audio/physionet_b0277.wav,murmur,val,8.0,physionet2016
physionet_b0278,data/processed/audio/physionet_b0278.wav,normal,val,8.0,physionet2016
physionet_b0279,data/processed/audio/physionet_b0279.wav,normal,test,8.0,physionet2016
physionet_b0280,data/processed/audio/physionet_b0280.wav,normal,train,8.0,physionet2016
physionet_b0281,data/processed/audio/physionet_b0281.wav,murmur,train,8.0,physionet2016
physionet_b0282,data/processed/audio/physionet_b0282.wav,murmur,train,8.0,physionet2016
physionet_b0283,data/processed/audio/physionet_b0283.wav,murmur,train,8.0,physionet2016
physionet_b0284,data/processed/audio/physionet_b0284.wav,normal,val,8.0,physionet2016
physionet_b0285,data/processed/audio/physionet_b0285.wav,murmur,train,8.0,physionet2016
physionet_b0286,data/processed/audio/physionet_b0286.wav,murmur,train,8.0,physionet2016
physionet_b0287,data/processed/audio/physionet_b0287.wav,murmur,train,8.0,physionet2016
physionet_b0288,data/processed/audio/physionet_b0288.wav,murmur,train,8.0,physionet2016
physionet_b0289,data/processed/audio/physionet_b0289.wav,murmur,train,8.0,physionet2016
physionet_b0290,data/processed/audio/physionet_b0290.wav,murmur,test,8.0,physionet2016
physionet_b0291,data/processed/audio/physionet_b0291.wav,murmur,val,7.96,physionet2016
physionet_b0292,data/processed/audio/physionet_b0292.wav,normal,train,7.73,physionet2016
physionet_b0293,data/processed/audio/physionet_b0293.wav,murmur,val,8.0,physionet2016
physionet_b0294,data/processed/audio/physionet_b0294.wav,murmur,train,8.0,physionet2016
physionet_b0295,data/processed/audio/physionet_b0295.wav,normal,val,8.0,physionet2016
physionet_b0296,data/processed/audio/physionet_b0296.wav,murmur,test,8.0,physionet2016
physionet_b0297,data/processed/audio/physionet_b0297.wav,murmur,test,8.0,physionet2016
physionet_b0298,data/processed/audio/physionet_b0298.wav,murmur,train,8.0,physionet2016
physionet_b0299,data/processed/audio/physionet_b0299.wav,normal,train,8.0,physionet2016
physionet_b0300,data/processed/audio/physionet_b0300.wav,murmur,val,8.0,physionet2016
physionet_b0301,data/processed/audio/physionet_b0301.wav,murmur,train,8.0,physionet2016
physionet_b0302,data/processed/audio/physionet_b0302.wav,murmur,train,8.0,physionet2016
physionet_b0303,data/processed/audio/physionet_b0303.wav,murmur,train,8.0,physionet2016
physionet_b0304,data/processed/audio/physionet_b0304.wav,murmur,val,8.0,physionet2016
physionet_b0305,data/processed/audio/physionet_b0305.wav,murmur,train,8.0,physionet2016
physionet_b0306,data/processed/audio/physionet_b0306.wav,murmur,train,8.0,physionet2016
physionet_b0307,data/processed/audio/physionet_b0307.wav,normal,train,8.0,physionet2016
physionet_b0308,data/processed/audio/physionet_b0308.wav,murmur,test,8.0,physionet2016
physionet_b0309,data/processed/audio/physionet_b0309.wav,murmur,train,8.0,physionet2016
physionet_b0310,data/processed/audio/physionet_b0310.wav,murmur,val,8.0,physionet2016
physionet_b0311,data/processed/audio/physionet_b0311.wav,murmur,val,8.0,physionet2016
physionet_b0312,data/processed/audio/physionet_b0312.wav,murmur,train,8.0,physionet2016
physionet_b0313,data/processed/audio/physionet_b0313.wav,murmur,train,8.0,physionet2016
physionet_b0314,data/processed/audio/physionet_b0314.wav,murmur,train,8.0,physionet2016
physionet_b0315,data/processed/audio/physionet_b0315.wav,murmur,train,8.0,physionet2016
physionet_b0316,data/processed/audio/physionet_b0316.wav,murmur,train,8.0,physionet2016
physionet_b0317,data/processed/audio/physionet_b0317.wav,murmur,test,8.0,physionet2016
physionet_b0318,data/processed/audio/physionet_b0318.wav,normal,train,8.0,physionet2016
physionet_b0319,data/processed/audio/physionet_b0319.wav,normal,train,8.0,physionet2016
physionet_b0320,data/processed/audio/physionet_b0320.wav,murmur,train,8.0,physionet2016
physionet_b0321,data/processed/audio/physionet_b0321.wav,murmur,train,8.0,physionet2016
physionet_b0322,data/processed/audio/physionet_b0322.wav,murmur,train,8.0,physionet2016
physionet_b0323,data/processed/audio/physionet_b0323.wav,murmur,train,8.0,physionet2016
physionet_b0324,data/processed/audio/physionet_b0324.wav,murmur,train,8.0,physionet2016
physionet_b0325,data/processed/audio/physionet_b0325.wav,murmur,train,8.0,physionet2016
physionet_b0326,data/processed/audio/physionet_b0326.wav,murmur,train,8.0,physionet2016
physionet_b0327,data/processed/audio/physionet_b0327.wav,normal,train,8.0,physionet2016
physionet_b0328,data/processed/audio/physionet_b0328.wav,murmur,val,8.0,physionet2016
physionet_b0329,data/processed/audio/physionet_b0329.wav,murmur,train,8.0,physionet2016
physionet_b0330,data/processed/audio/physionet_b0330.wav,murmur,train,8.0,physionet2016
physionet_b0331,data/processed/audio/physionet_b0331.wav,murmur,train,8.0,physionet2016
physionet_b0332,data/processed/audio/physionet_b0332.wav,murmur,train,8.0,physionet2016
physionet_b0333,data/processed/audio/physionet_b0333.wav,murmur,test,8.0,physionet2016
physionet_b0334,data/processed/audio/physionet_b0334.wav,normal,val,8.0,physionet2016
physionet_b0335,data/processed/audio/physionet_b0335.wav,normal,train,8.0,physionet2016
physionet_b0336,data/processed/audio/physionet_b0336.wav,murmur,train,8.0,physionet2016
physionet_b0337,data/processed/audio/physionet_b0337.wav,murmur,val,8.0,physionet2016
physionet_b0338,data/processed/audio/physionet_b0338.wav,murmur,train,8.0,physionet2016
physionet_b0339,data/processed/audio/physionet_b0339.wav,murmur,test,8.0,physionet2016
physionet_b0340,data/processed/audio/physionet_b0340.wav,murmur,train,8.0,physionet2016
physionet_b0341,data/processed/audio/physionet_b0341.wav,normal,train,8.0,physionet2016
physionet_b0342,data/processed/audio/physionet_b0342.wav,normal,train,8.0,physionet2016
physionet_b0343,data/processed/audio/physionet_b0343.wav,murmur,train,8.0,physionet2016
physionet_b0344,data/processed/audio/physionet_b0344.wav,normal,val,8.0,physionet2016
physionet_b0345,data/processed/audio/physionet_b0345.wav,murmur,train,8.0,physionet2016
physionet_b0346,data/processed/audio/physionet_b0346.wav,murmur,test,8.0,physionet2016
physionet_b0347,data/processed/audio/physionet_b0347.wav,murmur,test,8.0,physionet2016
physionet_b0348,data/processed/audio/physionet_b0348.wav,murmur,test,8.0,physionet2016
physionet_b0349,data/processed/audio/physionet_b0349.wav,normal,test,8.0,physionet2016
physionet_b0350,data/processed/audio/physionet_b0350.wav,murmur,train,8.0,physionet2016
physionet_b0351,data/processed/audio/physionet_b0351.wav,murmur,val,8.0,physionet2016
physionet_b0352,data/processed/audio/physionet_b0352.wav,murmur,train,8.0,physionet2016
physionet_b0353,data/processed/audio/physionet_b0353.wav,murmur,train,8.0,physionet2016
physionet_b0354,data/processed/audio/physionet_b0354.wav,murmur,val,8.0,physionet2016
physionet_b0355,data/processed/audio/physionet_b0355.wav,murmur,train,8.0,physionet2016
physionet_b0356,data/processed/audio/physionet_b0356.wav,murmur,val,8.0,physionet2016
physionet_b0357,data/processed/audio/physionet_b0357.wav,murmur,train,8.0,physionet2016
physionet_b0358,data/processed/audio/physionet_b0358.wav,murmur,train,8.0,physionet2016
physionet_b0359,data/processed/audio/physionet_b0359.wav,murmur,train,8.0,physionet2016
physionet_b0360,data/processed/audio/physionet_b0360.wav,murmur,test,8.0,physionet2016
physionet_b0361,data/processed/audio/physionet_b0361.wav,normal,train,8.0,physionet2016
physionet_b0362,data/processed/audio/physionet_b0362.wav,murmur,test,8.0,physionet2016
physionet_b0363,data/processed/audio/physionet_b0363.wav,murmur,test,8.0,physionet2016
physionet_b0364,data/processed/audio/physionet_b0364.wav,murmur,val,8.0,physionet2016
physionet_b0365,data/processed/audio/physionet_b0365.wav,normal,test,8.0,physionet2016
physionet_b0366,data/processed/audio/physionet_b0366.wav,murmur,test,8.0,physionet2016
physionet_b0367,data/processed/audio/physionet_b0367.wav,normal,test,8.0,physionet2016
physionet_b0368,data/processed/audio/physionet_b0368.wav,murmur,train,8.0,physionet2016
physionet_b0369,data/processed/audio/physionet_b0369.wav,normal,train,8.0,physionet2016
physionet_b0370,data/processed/audio/physionet_b0370.wav,murmur,test,8.0,physionet2016
physionet_b0371,data/processed/audio/physionet_b0371.wav,murmur,train,8.0,physionet2016
physionet_b0372,data/processed/audio/physionet_b0372.wav,murmur,train,8.0,physionet2016
physionet_b0373,data/processed/audio/physionet_b0373.wav,murmur,test,8.0,physionet2016
physionet_b0374,data/processed/audio/physionet_b0374.wav,murmur,train,8.0,physionet2016
physionet_b0375,data/processed/audio/physionet_b0375.wav,murmur,train,8.0,physionet2016
physionet_b0376,data/processed/audio/physionet_b0376.wav,murmur,train,8.0,physionet2016
physionet_b0377,data/processed/audio/physionet_b0377.wav,murmur,train,8.0,physionet2016
physionet_b0378,data/processed/audio/physionet_b0378.wav,murmur,train,8.0,physionet2016
physionet_b0379,data/processed/audio/physionet_b0379.wav,murmur,train,8.0,physionet2016
physionet_b0380,data/processed/audio/physionet_b0380.wav,murmur,train,8.0,physionet2016
physionet_b0381,data/processed/audio/physionet_b0381.wav,murmur,train,8.0,physionet2016
physionet_b0382,data/processed/audio/physionet_b0382.wav,murmur,train,8.0,physionet2016
physionet_b0383,data/processed/audio/physionet_b0383.wav,murmur,val,8.0,physionet2016
physionet_b0384,data/processed/audio/physionet_b0384.wav,normal,test,8.0,physionet2016
physionet_b0385,data/processed/audio/physionet_b0385.wav,normal,test,8.0,physionet2016
physionet_b0386,data/processed/audio/physionet_b0386.wav,murmur,val,8.0,physionet2016
physionet_b0387,data/processed/audio/physionet_b0387.wav,murmur,train,8.0,physionet2016
physionet_b0388,data/processed/audio/physionet_b0388.wav,murmur,val,8.0,physionet2016
physionet_b0389,data/processed/audio/physionet_b0389.wav,murmur,train,8.0,physionet2016
physionet_b0390,data/processed/audio/physionet_b0390.wav,normal,val,8.0,physionet2016
physionet_b0391,data/processed/audio/physionet_b0391.wav,murmur,train,8.0,physionet2016
physionet_b0392,data/processed/audio/physionet_b0392.wav,murmur,train,8.0,physionet2016
physionet_b0393,data/processed/audio/physionet_b0393.wav,murmur,train,8.0,physionet2016
physionet_b0394,data/processed/audio/physionet_b0394.wav,murmur,test,8.0,physionet2016
physionet_b0395,data/processed/audio/physionet_b0395.wav,normal,train,8.0,physionet2016
physionet_b0396,data/processed/audio/physionet_b0396.wav,murmur,train,8.0,physionet2016
physionet_b0397,data/processed/audio/physionet_b0397.wav,normal,train,8.0,physionet2016
physionet_b0398,data/processed/audio/physionet_b0398.wav,murmur,train,8.0,physionet2016
physionet_b0399,data/processed/audio/physionet_b0399.wav,murmur,train,8.0,physionet2016
physionet_b0400,data/processed/audio/physionet_b0400.wav,murmur,train,8.0,physionet2016
physionet_b0401,data/processed/audio/physionet_b0401.wav,murmur,test,8.0,physionet2016
physionet_b0402,data/processed/audio/physionet_b0402.wav,murmur,train,8.0,physionet2016
physionet_b0403,data/processed/audio/physionet_b0403.wav,murmur,train,8.0,physionet2016
physionet_b0404,data/processed/audio/physionet_b0404.wav,murmur,test,8.0,physionet2016
physionet_b0405,data/processed/audio/physionet_b0405.wav,murmur,train,8.0,physionet2016
physionet_b0406,data/processed/audio/physionet_b0406.wav,murmur,test,8.0,physionet2016
physionet_b0407,data/processed/audio/physionet_b0407.wav,murmur,train,8.0,physionet2016
physionet_b0408,data/processed/audio/physionet_b0408.wav,normal,train,8.0,physionet2016
physionet_b0409,data/processed/audio/physionet_b0409.wav,normal,train,6.33,physionet2016
physionet_b0410,data/processed/audio/physionet_b0410.wav,murmur,train,8.0,physionet2016
physionet_b0411,data/processed/audio/physionet_b0411.wav,murmur,train,8.0,physionet2016
physionet_b0412,data/processed/audio/physionet_b0412.wav,murmur,train,8.0,physionet2016
physionet_b0413,data/processed/audio/physionet_b0413.wav,normal,train,8.0,physionet2016
physionet_b0414,data/processed/audio/physionet_b0414.wav,murmur,train,8.0,physionet2016
physionet_b0415,data/processed/audio/physionet_b0415.wav,murmur,test,8.0,physionet2016
physionet_b0416,data/processed/audio/physionet_b0416.wav,murmur,train,8.0,physionet2016
physionet_b0417,data/processed/audio/physionet_b0417.wav,murmur,train,8.0,physionet2016
physionet_b0418,data/processed/audio/physionet_b0418.wav,normal,train,8.0,physionet2016
physionet_b0419,data/processed/audio/physionet_b0419.wav,murmur,train,8.0,physionet2016
physionet_b0420,data/processed/audio/physionet_b0420.wav,murmur,train,8.0,physionet2016
physionet_b0421,data/processed/audio/physionet_b0421.wav,murmur,train,8.0,physionet2016
physionet_b0422,data/processed/audio/physionet_b0422.wav,normal,test,8.0,physionet2016
physionet_b0423,data/processed/audio/physionet_b0423.wav,murmur,val,8.0,physionet2016
physionet_b0424,data/processed/audio/physionet_b0424.wav,murmur,train,8.0,physionet2016
physionet_b0425,data/processed/audio/physionet_b0425.wav,murmur,train,8.0,physionet2016
physionet_b0426,data/processed/audio/physionet_b0426.wav,murmur,train,8.0,physionet2016
physionet_b0427,data/processed/audio/physionet_b0427.wav,normal,train,8.0,physionet2016
physionet_b0428,data/processed/audio/physionet_b0428.wav,normal,train,8.0,physionet2016
physionet_b0429,data/processed/audio/physionet_b0429.wav,murmur,test,8.0,physionet2016
physionet_b0430,data/processed/audio/physionet_b0430.wav,murmur,train,8.0,physionet2016
physionet_b0431,data/processed/audio/physionet_b0431.wav,murmur,train,8.0,physionet2016
physionet_b0432,data/processed/audio/physionet_b0432.wav,murmur,train,8.0,physionet2016
physionet_b0433,data/processed/audio/physionet_b0433.wav,murmur,train,8.0,physionet2016
physionet_b0434,data/processed/audio/physionet_b0434.wav,murmur,train,8.0,physionet2016
physionet_b0435,data/processed/audio/physionet_b0435.wav,murmur,train,8.0,physionet2016
physionet_b0436,data/processed/audio/physionet_b0436.wav,normal,train,8.0,physionet2016
physionet_b0437,data/processed/audio/physionet_b0437.wav,normal,val,8.0,physionet2016
physionet_b0438,data/processed/audio/physionet_b0438.wav,murmur,train,8.0,physionet2016
physionet_b0439,data/processed/audio/physionet_b0439.wav,murmur,train,8.0,physionet2016
physionet_b0440,data/processed/audio/physionet_b0440.wav,murmur,val,8.0,physionet2016
physionet_b0441,data/processed/audio/physionet_b0441.wav,murmur,train,7.63,physionet2016
physionet_b0442,data/processed/audio/physionet_b0442.wav,murmur,train,8.0,physionet2016
physionet_b0443,data/processed/audio/physionet_b0443.wav,murmur,val,8.0,physionet2016
physionet_b0444,data/processed/audio/physionet_b0444.wav,normal,test,8.0,physionet2016
physionet_b0445,data/processed/audio/physionet_b0445.wav,murmur,train,8.0,physionet2016
physionet_b0446,data/processed/audio/physionet_b0446.wav,normal,train,8.0,physionet2016
physionet_b0447,data/processed/audio/physionet_b0447.wav,murmur,train,8.0,physionet2016
physionet_b0448,data/processed/audio/physionet_b0448.wav,murmur,val,8.0,physionet2016
physionet_b0449,data/processed/audio/physionet_b0449.wav,murmur,train,8.0,physionet2016
physionet_b0450,data/processed/audio/physionet_b0450.wav,normal,train,8.0,physionet2016
physionet_b0451,data/processed/audio/physionet_b0451.wav,murmur,train,8.0,physionet2016
physionet_b0452,data/processed/audio/physionet_b0452.wav,murmur,test,8.0,physionet2016
physionet_b0453,data/processed/audio/physionet_b0453.wav,murmur,train,8.0,physionet2016
physionet_b0454,data/processed/audio/physionet_b0454.wav,murmur,train,8.0,physionet2016
physionet_b0455,data/processed/audio/physionet_b0455.wav,normal,train,7.73,physionet2016
physionet_b0456,data/processed/audio/physionet_b0456.wav,murmur,train,8.0,physionet2016
physionet_b0457,data/processed/audio/physionet_b0457.wav,murmur,train,8.0,physionet2016
physionet_b0458,data/processed/audio/physionet_b0458.wav,murmur,test,8.0,physionet2016
physionet_b0459,data/processed/audio/physionet_b0459.wav,murmur,train,8.0,physionet2016
physionet_b0460,data/processed/audio/physionet_b0460.wav,murmur,train,8.0,physionet2016
physionet_b0461,data/processed/audio/physionet_b0461.wav,murmur,train,8.0,physionet2016
physionet_b0462,data/processed/audio/physionet_b0462.wav,murmur,train,8.0,physionet2016
physionet_b0463,data/processed/audio/physionet_b0463.wav,murmur,train,8.0,physionet2016
physionet_b0464,data/processed/audio/physionet_b0464.wav,murmur,train,8.0,physionet2016
physionet_b0465,data/processed/audio/physionet_b0465.wav,normal,test,8.0,physionet2016
physionet_b0466,data/processed/audio/physionet_b0466.wav,murmur,test,8.0,physionet2016
physionet_b0467,data/processed/audio/physionet_b0467.wav,normal,test,8.0,physionet2016
physionet_b0468,data/processed/audio/physionet_b0468.wav,normal,val,8.0,physionet2016
physionet_b0469,data/processed/audio/physionet_b0469.wav,murmur,train,8.0,physionet2016
physionet_b0470,data/processed/audio/physionet_b0470.wav,murmur,train,8.0,physionet2016
physionet_b0471,data/processed/audio/physionet_b0471.wav,normal,test,8.0,physionet2016
physionet_b0472,data/processed/audio/physionet_b0472.wav,murmur,train,8.0,physionet2016
physionet_b0473,data/processed/audio/physionet_b0473.wav,murmur,train,8.0,physionet2016
physionet_b0474,data/processed/audio/physionet_b0474.wav,normal,train,8.0,physionet2016
physionet_b0475,data/processed/audio/physionet_b0475.wav,murmur,train,8.0,physionet2016
physionet_b0476,data/processed/audio/physionet_b0476.wav,normal,train,8.0,physionet2016
physionet_b0477,data/processed/audio/physionet_b0477.wav,murmur,train,8.0,physionet2016
physionet_b0478,data/processed/audio/physionet_b0478.wav,murmur,train,8.0,physionet2016
physionet_b0479,data/processed/audio/physionet_b0479.wav,murmur,train,8.0,physionet2016
physionet_b0480,data/processed/audio/physionet_b0480.wav,murmur,train,8.0,physionet2016
physionet_b0481,data/processed/audio/physionet_b0481.wav,murmur,train,8.0,physionet2016
physionet_b0482,data/processed/audio/physionet_b0482.wav,murmur,train,8.0,physionet2016
physionet_b0483,data/processed/audio/physionet_b0483.wav,murmur,train,8.0,physionet2016
physionet_b0484,data/processed/audio/physionet_b0484.wav,normal,train,8.0,physionet2016
physionet_b0485,data/processed/audio/physionet_b0485.wav,murmur,train,8.0,physionet2016
physionet_b0486,data/processed/audio/physionet_b0486.wav,murmur,val,8.0,physionet2016
physionet_b0487,data/processed/audio/physionet_b0487.wav,murmur,test,8.0,physionet2016
physionet_b0488,data/processed/audio/physionet_b0488.wav,murmur,val,8.0,physionet2016
physionet_b0489,data/processed/audio/physionet_b0489.wav,murmur,train,8.0,physionet2016
physionet_b0490,data/processed/audio/physionet_b0490.wav,murmur,train,8.0,physionet2016
physionet_c0001,data/processed/audio/physionet_c0001.wav,normal,test,22.72,physionet2016
physionet_c0002,data/processed/audio/physionet_c0002.wav,normal,train,11.58,physionet2016
physionet_c0003,data/processed/audio/physionet_c0003.wav,murmur,val,32.65,physionet2016
physionet_c0004,data/processed/audio/physionet_c0004.wav,normal,train,57.47,physionet2016
physionet_c0005,data/processed/audio/physionet_c0005.wav,normal,train,9.65,physionet2016
physionet_c0006,data/processed/audio/physionet_c0006.wav,murmur,train,29.18,physionet2016
physionet_c0007,data/processed/audio/physionet_c0007.wav,murmur,val,31.66,physionet2016
physionet_c0008,data/processed/audio/physionet_c0008.wav,normal,test,30.04,physionet2016
physionet_c0009,data/processed/audio/physionet_c0009.wav,normal,train,60.26,physionet2016
physionet_c0010,data/processed/audio/physionet_c0010.wav,normal,val,89.29,physionet2016
physionet_c0011,data/processed/audio/physionet_c0011.wav,murmur,test,69.04,physionet2016
physionet_c0012,data/processed/audio/physionet_c0012.wav,normal,train,18.84,physionet2016
physionet_c0013,data/processed/audio/physionet_c0013.wav,normal,train,32.12,physionet2016
physionet_c0014,data/processed/audio/physionet_c0014.wav,normal,train,44.42,physionet2016
physionet_c0015,data/processed/audio/physionet_c0015.wav,normal,val,85.18,physionet2016
physionet_c0016,data/processed/audio/physionet_c0016.wav,murmur,test,24.79,physionet2016
physionet_c0017,data/processed/audio/physionet_c0017.wav,normal,train,61.41,physionet2016
physionet_c0018,data/processed/audio/physionet_c0018.wav,normal,train,68.31,physionet2016
physionet_c0019,data/processed/audio/physionet_c0019.wav,normal,test,51.82,physionet2016
physionet_c0020,data/processed/audio/physionet_c0020.wav,normal,train,69.05,physionet2016
physionet_c0021,data/processed/audio/physionet_c0021.wav,normal,val,60.36,physionet2016
physionet_c0022,data/processed/audio/physionet_c0022.wav,murmur,val,71.81,physionet2016
physionet_c0023,data/processed/audio/physionet_c0023.wav,normal,train,36.01,physionet2016
physionet_c0024,data/processed/audio/physionet_c0024.wav,normal,train,106.05,physionet2016
physionet_c0025,data/processed/audio/physionet_c0025.wav,normal,train,56.39,physionet2016
physionet_c0026,data/processed/audio/physionet_c0026.wav,normal,val,42.19,physionet2016
physionet_c0027,data/processed/audio/physionet_c0027.wav,normal,val,69.64,physionet2016
physionet_c0028,data/processed/audio/physionet_c0028.wav,normal,val,14.63,physionet2016
physionet_c0029,data/processed/audio/physionet_c0029.wav,normal,train,36.99,physionet2016
physionet_c0030,data/processed/audio/physionet_c0030.wav,murmur,train,16.97,physionet2016
physionet_c0031,data/processed/audio/physionet_c0031.wav,normal,train,122.0,physionet2016
physionet_d0001,data/processed/audio/physionet_d0001.wav,murmur,train,6.61,physionet2016
physionet_d0002,data/processed/audio/physionet_d0002.wav,normal,test,10.85,physionet2016
physionet_d0003,data/processed/audio/physionet_d0003.wav,normal,train,11.04,physionet2016
physionet_d0004,data/processed/audio/physionet_d0004.wav,normal,train,9.51,physionet2016
physionet_d0005,data/processed/audio/physionet_d0005.wav,murmur,train,9.42,physionet2016
physionet_d0006,data/processed/audio/physionet_d0006.wav,murmur,test,6.91,physionet2016
physionet_d0007,data/processed/audio/physionet_d0007.wav,murmur,test,12.78,physionet2016
physionet_d0008,data/processed/audio/physionet_d0008.wav,normal,val,29.79,physionet2016
physionet_d0009,data/processed/audio/physionet_d0009.wav,normal,train,12.41,physionet2016
physionet_d0010,data/processed/audio/physionet_d0010.wav,normal,train,12.05,physionet2016
physionet_d0011,data/processed/audio/physionet_d0011.wav,normal,test,23.07,physionet2016
physionet_d0012,data/processed/audio/physionet_d0012.wav,normal,train,17.07,physionet2016
physionet_d0013,data/processed/audio/physionet_d0013.wav,murmur,train,9.22,physionet2016
physionet_d0014,data/processed/audio/physionet_d0014.wav,normal,train,8.04,physionet2016
physionet_d0015,data/processed/audio/physionet_d0015.wav,murmur,test,7.61,physionet2016
physionet_d0016,data/processed/audio/physionet_d0016.wav,murmur,test,11.05,physionet2016
physionet_d0017,data/processed/audio/physionet_d0017.wav,normal,train,12.33,physionet2016
physionet_d0018,data/processed/audio/physionet_d0018.wav,normal,train,17.85,physionet2016
physionet_d0019,data/processed/audio/physionet_d0019.wav,normal,train,8.32,physionet2016
physionet_d0020,data/processed/audio/physionet_d0020.wav,murmur,train,11.09,physionet2016
physionet_d0021,data/processed/audio/physionet_d0021.wav,normal,train,22.05,physionet2016
physionet_d0022,data/processed/audio/physionet_d0022.wav,normal,test,24.12,physionet2016
physionet_d0023,data/processed/audio/physionet_d0023.wav,murmur,train,16.38,physionet2016
physionet_d0024,data/processed/audio/physionet_d0024.wav,murmur,train,7.96,physionet2016
physionet_d0025,data/processed/audio/physionet_d0025.wav,murmur,train,14.28,physionet2016
physionet_d0026,data/processed/audio/physionet_d0026.wav,normal,train,21.27,physionet2016
physionet_d0027,data/processed/audio/physionet_d0027.wav,murmur,train,12.06,physionet2016
physionet_d0028,data/processed/audio/physionet_d0028.wav,normal,test,8.67,physionet2016
physionet_d0029,data/processed/audio/physionet_d0029.wav,normal,test,8.43,physionet2016
physionet_d0030,data/processed/audio/physionet_d0030.wav,murmur,train,8.18,physionet2016
physionet_d0031,data/processed/audio/physionet_d0031.wav,murmur,train,17.31,physionet2016
physionet_d0032,data/processed/audio/physionet_d0032.wav,normal,train,15.87,physionet2016
physionet_d0033,data/processed/audio/physionet_d0033.wav,normal,train,14.46,physionet2016
physionet_d0034,data/processed/audio/physionet_d0034.wav,normal,train,27.99,physionet2016
physionet_d0035,data/processed/audio/physionet_d0035.wav,normal,test,19.23,physionet2016
physionet_d0036,data/processed/audio/physionet_d0036.wav,murmur,train,20.06,physionet2016
physionet_d0037,data/processed/audio/physionet_d0037.wav,murmur,train,12.54,physionet2016
physionet_d0038,data/processed/audio/physionet_d0038.wav,normal,train,26.97,physionet2016
physionet_d0039,data/processed/audio/physionet_d0039.wav,normal,train,11.35,physionet2016
physionet_d0040,data/processed/audio/physionet_d0040.wav,normal,train,29.1,physionet2016
physionet_d0041,data/processed/audio/physionet_d0041.wav,murmur,train,29.08,physionet2016
physionet_d0042,data/processed/audio/physionet_d0042.wav,normal,train,48.54,physionet2016
physionet_d0043,data/processed/audio/physionet_d0043.wav,murmur,train,10.02,physionet2016
physionet_d0044,data/processed/audio/physionet_d0044.wav,murmur,val,8.08,physionet2016
physionet_d0045,data/processed/audio/physionet_d0045.wav,murmur,train,6.64,physionet2016
physionet_d0046,data/processed/audio/physionet_d0046.wav,normal,train,18.8,physionet2016
physionet_d0047,data/processed/audio/physionet_d0047.wav,murmur,train,13.08,physionet2016
physionet_d0048,data/processed/audio/physionet_d0048.wav,murmur,val,15.36,physionet2016
physionet_d0049,data/processed/audio/physionet_d0049.wav,murmur,train,12.03,physionet2016
physionet_d0050,data/processed/audio/physionet_d0050.wav,murmur,train,10.74,physionet2016
physionet_d0051,data/processed/audio/physionet_d0051.wav,normal,train,13.6,physionet2016
physionet_d0052,data/processed/audio/physionet_d0052.wav,normal,train,33.15,physionet2016
physionet_d0053,data/processed/audio/physionet_d0053.wav,murmur,train,8.49,physionet2016
physionet_d0054,data/processed/audio/physionet_d0054.wav,murmur,train,8.37,physionet2016
physionet_d0055,data/processed/audio/physionet_d0055.wav,murmur,test,11.86,physionet2016
physionet_e00001,data/processed/audio/physionet_e00001.wav,murmur,train,20.92,physionet2016
physionet_e00002,data/processed/audio/physionet_e00002.wav,murmur,test,24.18,physionet2016
physionet_e00003,data/processed/audio/physionet_e00003.wav,murmur,train,21.17,physionet2016
physionet_e00004,data/processed/audio/physionet_e00004.wav,murmur,train,19.75,physionet2016
physionet_e00005,data/processed/audio/physionet_e00005.wav,murmur,train,34.11,physionet2016
physionet_e00006,data/processed/audio/physionet_e00006.wav,murmur,train,22.46,physionet2016
physionet_e00007,data/processed/audio/physionet_e00007.wav,murmur,val,27.39,physionet2016
physionet_e00008,data/processed/audio/physionet_e00008.wav,murmur,train,15.25,physionet2016
physionet_e00009,data/processed/audio/physionet_e00009.wav,murmur,val,14.41,physionet2016
physionet_e00010,data/processed/audio/physionet_e00010.wav,murmur,val,19.72,physionet2016
physionet_e00011,data/processed/audio/physionet_e00011.wav,murmur,train,19.14,physionet2016
physionet_e00012,data/processed/audio/physionet_e00012.wav,murmur,train,16.07,physionet2016
physionet_e00013,data/processed/audio/physionet_e00013.wav,murmur,train,20.94,physionet2016
physionet_e00014,data/processed/audio/physionet_e00014.wav,murmur,train,10.56,physionet2016
physionet_e00015,data/processed/audio/physionet_e00015.wav,murmur,test,29.56,physionet2016
physionet_e00016,data/processed/audio/physionet_e00016.wav,murmur,train,27.35,physionet2016
physionet_e00017,data/processed/audio/physionet_e00017.wav,murmur,train,39.77,physionet2016
physionet_e00018,data/processed/audio/physionet_e00018.wav,murmur,train,39.45,physionet2016
physionet_e00019,data/processed/audio/physionet_e00019.wav,murmur,train,21.7,physionet2016
physionet_e00020,data/processed/audio/physionet_e00020.wav,normal,train,24.22,physionet2016
physionet_e00021,data/processed/audio/physionet_e00021.wav,murmur,train,24.44,physionet2016
physionet_e00022,data/processed/audio/physionet_e00022.wav,murmur,train,16.26,physionet2016
physionet_e00023,data/processed/audio/physionet_e00023.wav,murmur,train,14.88,physionet2016
physionet_e00024,data/processed/audio/physionet_e00024.wav,murmur,train,21.19,physionet2016
physionet_e00025,data/processed/audio/physionet_e00025.wav,murmur,train,22.61,physionet2016
physionet_e00026,data/processed/audio/physionet_e00026.wav,murmur,val,8.59,physionet2016
physionet_e00027,data/processed/audio/physionet_e00027.wav,murmur,train,31.49,physionet2016
physionet_e00028,data/processed/audio/physionet_e00028.wav,murmur,train,13.31,physionet2016
physionet_e00029,data/processed/audio/physionet_e00029.wav,murmur,train,31.83,physionet2016
physionet_e00030,data/processed/audio/physionet_e00030.wav,murmur,train,29.44,physionet2016
physionet_e00031,data/processed/audio/physionet_e00031.wav,murmur,train,50.77,physionet2016
physionet_e00032,data/processed/audio/physionet_e00032.wav,murmur,train,31.17,physionet2016
physionet_e00033,data/processed/audio/physionet_e00033.wav,murmur,test,9.11,physionet2016
physionet_e00034,data/processed/audio/physionet_e00034.wav,murmur,val,11.09,physionet2016
physionet_e00035,data/processed/audio/physionet_e00035.wav,murmur,test,33.67,physionet2016
physionet_e00036,data/processed/audio/physionet_e00036.wav,murmur,train,14.41,physionet2016
physionet_e00037,data/processed/audio/physionet_e00037.wav,murmur,train,41.78,physionet2016
physionet_e00038,data/processed/audio/physionet_e00038.wav,murmur,train,12.46,physionet2016
physionet_e00039,data/processed/audio/physionet_e00039.wav,murmur,train,9.67,physionet2016
physionet_e00040,data/processed/audio/physionet_e00040.wav,murmur,train,41.7,physionet2016
physionet_e00041,data/processed/audio/physionet_e00041.wav,murmur,val,22.95,physionet2016
physionet_e00042,data/processed/audio/physionet_e00042.wav,murmur,train,22.49,physionet2016
physionet_e00043,data/processed/audio/physionet_e00043.wav,murmur,train,28.51,physionet2016
physionet_e00044,data/processed/audio/physionet_e00044.wav,murmur,test,14.44,physionet2016
physionet_e00045,data/processed/audio/physionet_e00045.wav,murmur,test,21.76,physionet2016
physionet_e00046,data/processed/audio/physionet_e00046.wav,murmur,train,14.87,physionet2016
physionet_e00047,data/processed/audio/physionet_e00047.wav,murmur,train,26.53,physionet2016
physionet_e00048,data/processed/audio/physionet_e00048.wav,normal,train,22.13,physionet2016
physionet_e00049,data/processed/audio/physionet_e00049.wav,murmur,train,22.74,physionet2016
physionet_e00050,data/processed/audio/physionet_e00050.wav,murmur,train,22.94,physionet2016
physionet_e00051,data/processed/audio/physionet_e00051.wav,murmur,train,24.83,physionet2016
physionet_e00052,data/processed/audio/physionet_e00052.wav,murmur,train,27.5,physionet2016
physionet_e00053,data/processed/audio/physionet_e00053.wav,murmur,train,24.42,physionet2016
physionet_e00054,data/processed/audio/physionet_e00054.wav,murmur,train,48.68,physionet2016
physionet_e00055,data/processed/audio/physionet_e00055.wav,murmur,val,49.45,physionet2016
physionet_e00056,data/processed/audio/physionet_e00056.wav,murmur,test,14.41,physionet2016
physionet_e00057,data/processed/audio/physionet_e00057.wav,murmur,train,29.94,physionet2016
physionet_e00058,data/processed/audio/physionet_e00058.wav,murmur,train,31.2,physionet2016
physionet_e00059,data/processed/audio/physionet_e00059.wav,normal,test,20.62,physionet2016
physionet_e00060,data/processed/audio/physionet_e00060.wav,murmur,train,17.55,physionet2016
physionet_e00061,data/processed/audio/physionet_e00061.wav,murmur,train,13.8,physionet2016
physionet_e00062,data/processed/audio/physionet_e00062.wav,murmur,val,13.5,physionet2016
physionet_e00063,data/processed/audio/physionet_e00063.wav,murmur,train,8.43,physionet2016
physionet_e00064,data/processed/audio/physionet_e00064.wav,murmur,train,27.18,physionet2016
physionet_e00065,data/processed/audio/physionet_e00065.wav,murmur,val,24.75,physionet2016
physionet_e00066,data/processed/audio/physionet_e00066.wav,murmur,test,12.01,physionet2016
physionet_e00067,data/processed/audio/physionet_e00067.wav,murmur,train,23.71,physionet2016
physionet_e00068,data/processed/audio/physionet_e00068.wav,murmur,train,17.77,physionet2016
physionet_e00069,data/processed/audio/physionet_e00069.wav,murmur,test,15.91,physionet2016
physionet_e00070,data/processed/audio/physionet_e00070.wav,murmur,train,43.58,physionet2016
physionet_e00071,data/processed/audio/physionet_e00071.wav,normal,train,21.18,physionet2016
physionet_e00072,data/processed/audio/physionet_e00072.wav,murmur,train,11.97,physionet2016
physionet_e00073,data/processed/audio/physionet_e00073.wav,murmur,train,30.81,physionet2016
physionet_e00074,data/processed/audio/physionet_e00074.wav,murmur,train,37.65,physionet2016
physionet_e00075,data/processed/audio/physionet_e00075.wav,murmur,train,17.07,physionet2016
physionet_e00076,data/processed/audio/physionet_e00076.wav,murmur,test,31.72,physionet2016
physionet_e00077,data/processed/audio/physionet_e00077.wav,murmur,test,11.6,physionet2016
physionet_e00078,data/processed/audio/physionet_e00078.wav,murmur,val,38.88,physionet2016
physionet_e00079,data/processed/audio/physionet_e00079.wav,murmur,train,23.0,physionet2016
physionet_e00080,data/processed/audio/physionet_e00080.wav,murmur,val,19.11,physionet2016
physionet_e00081,data/processed/audio/physionet_e00081.wav,murmur,test,12.74,physionet2016
physionet_e00082,data/processed/audio/physionet_e00082.wav,murmur,train,16.66,physionet2016
physionet_e00083,data/processed/audio/physionet_e00083.wav,murmur,train,42.19,physionet2016
physionet_e00084,data/processed/audio/physionet_e00084.wav,murmur,train,18.43,physionet2016
physionet_e00085,data/processed/audio/physionet_e00085.wav,murmur,test,18.86,physionet2016
physionet_e00086,data/processed/audio/physionet_e00086.wav,murmur,train,11.7,physionet2016
physionet_e00087,data/processed/audio/physionet_e00087.wav,normal,val,21.73,physionet2016
physionet_e00088,data/processed/audio/physionet_e00088.wav,murmur,train,44.97,physionet2016
physionet_e00089,data/processed/audio/physionet_e00089.wav,murmur,train,25.47,physionet2016
physionet_e00090,data/processed/audio/physionet_e00090.wav,murmur,train,38.91,physionet2016
physionet_e00091,data/processed/audio/physionet_e00091.wav,murmur,train,26.0,physionet2016
physionet_e00092,data/processed/audio/physionet_e00092.wav,murmur,train,19.7,physionet2016
physionet_e00093,data/processed/audio/physionet_e00093.wav,murmur,val,18.58,physionet2016
physionet_e00094,data/processed/audio/physionet_e00094.wav,murmur,train,12.16,physionet2016
physionet_e00095,data/processed/audio/physionet_e00095.wav,murmur,test,25.93,physionet2016
physionet_e00096,data/processed/audio/physionet_e00096.wav,murmur,test,23.74,physionet2016
physionet_e00097,data/processed/audio/physionet_e00097.wav,normal,test,21.99,physionet2016
physionet_e00098,data/processed/audio/physionet_e00098.wav,murmur,val,30.17,physionet2016
physionet_e00099,data/processed/audio/physionet_e00099.wav,murmur,train,26.87,physionet2016
physionet_e00100,data/processed/audio/physionet_e00100.wav,murmur,train,20.54,physionet2016
physionet_e00101,data/processed/audio/physionet_e00101.wav,murmur,val,14.61,physionet2016
physionet_e00102,data/processed/audio/physionet_e00102.wav,murmur,train,35.11,physionet2016
physionet_e00103,data/processed/audio/physionet_e00103.wav,murmur,train,10.94,physionet2016
physionet_e00104,data/processed/audio/physionet_e00104.wav,murmur,train,30.09,physionet2016
physionet_e00105,data/processed/audio/physionet_e00105.wav,murmur,train,11.22,physionet2016
physionet_e00106,data/processed/audio/physionet_e00106.wav,murmur,train,16.86,physionet2016
physionet_e00107,data/processed/audio/physionet_e00107.wav,murmur,train,20.23,physionet2016
physionet_e00108,data/processed/audio/physionet_e00108.wav,murmur,train,28.42,physionet2016
physionet_e00109,data/processed/audio/physionet_e00109.wav,murmur,test,19.96,physionet2016
physionet_e00110,data/processed/audio/physionet_e00110.wav,murmur,train,31.94,physionet2016
physionet_e00111,data/processed/audio/physionet_e00111.wav,murmur,train,13.9,physionet2016
physionet_e00112,data/processed/audio/physionet_e00112.wav,murmur,train,10.68,physionet2016
physionet_e00113,data/processed/audio/physionet_e00113.wav,murmur,train,33.16,physionet2016
physionet_e00114,data/processed/audio/physionet_e00114.wav,normal,test,21.97,physionet2016
physionet_e00115,data/processed/audio/physionet_e00115.wav,murmur,val,14.38,physionet2016
physionet_e00116,data/processed/audio/physionet_e00116.wav,murmur,train,32.45,physionet2016
physionet_e00117,data/processed/audio/physionet_e00117.wav,murmur,test,26.03,physionet2016
physionet_e00118,data/processed/audio/physionet_e00118.wav,murmur,train,21.44,physionet2016
physionet_e00119,data/processed/audio/physionet_e00119.wav,murmur,train,24.74,physionet2016
physionet_e00120,data/processed/audio/physionet_e00120.wav,normal,train,47.62,physionet2016
physionet_e00121,data/processed/audio/physionet_e00121.wav,murmur,test,37.46,physionet2016
physionet_e00122,data/processed/audio/physionet_e00122.wav,murmur,train,10.04,physionet2016
physionet_e00123,data/processed/audio/physionet_e00123.wav,murmur,train,15.13,physionet2016
physionet_e00124,data/processed/audio/physionet_e00124.wav,murmur,train,18.0,physionet2016
physionet_e00125,data/processed/audio/physionet_e00125.wav,murmur,train,14.44,physionet2016
physionet_e00126,data/processed/audio/physionet_e00126.wav,murmur,test,14.29,physionet2016
physionet_e00127,data/processed/audio/physionet_e00127.wav,murmur,train,27.29,physionet2016
physionet_e00128,data/processed/audio/physionet_e00128.wav,murmur,train,46.94,physionet2016
physionet_e00129,data/processed/audio/physionet_e00129.wav,murmur,val,23.55,physionet2016
physionet_e00130,data/processed/audio/physionet_e00130.wav,murmur,test,10.84,physionet2016
physionet_e00131,data/processed/audio/physionet_e00131.wav,murmur,test,17.48,physionet2016
physionet_e00132,data/processed/audio/physionet_e00132.wav,murmur,train,12.71,physionet2016
physionet_e00133,data/processed/audio/physionet_e00133.wav,murmur,train,32.8,physionet2016
physionet_e00134,data/processed/audio/physionet_e00134.wav,murmur,val,44.31,physionet2016
physionet_e00135,data/processed/audio/physionet_e00135.wav,normal,train,21.04,physionet2016
physionet_e00136,data/processed/audio/physionet_e00136.wav,murmur,train,17.64,physionet2016
physionet_e00137,data/processed/audio/physionet_e00137.wav,murmur,train,13.01,physionet2016
physionet_e00138,data/processed/audio/physionet_e00138.wav,murmur,train,34.38,physionet2016
physionet_e00139,data/processed/audio/physionet_e00139.wav,murmur,val,9.32,physionet2016
physionet_e00140,data/processed/audio/physionet_e00140.wav,normal,train,23.29,physionet2016
physionet_e00141,data/processed/audio/physionet_e00141.wav,murmur,train,21.64,physionet2016
physionet_e00142,data/processed/audio/physionet_e00142.wav,normal,test,24.22,physionet2016
physionet_e00143,data/processed/audio/physionet_e00143.wav,murmur,val,14.15,physionet2016
physionet_e00144,data/processed/audio/physionet_e00144.wav,murmur,test,17.33,physionet2016
physionet_e00145,data/processed/audio/physionet_e00145.wav,murmur,train,30.25,physionet2016
physionet_e00146,data/processed/audio/physionet_e00146.wav,murmur,test,23.28,physionet2016
physionet_e00147,data/processed/audio/physionet_e00147.wav,murmur,test,12.32,physionet2016
physionet_e00148,data/processed/audio/physionet_e00148.wav,murmur,val,22.69,physionet2016
physionet_e00149,data/processed/audio/physionet_e00149.wav,murmur,train,20.47,physionet2016
physionet_e00150,data/processed/audio/physionet_e00150.wav,murmur,train,17.31,physionet2016
physionet_e00151,data/processed/audio/physionet_e00151.wav,murmur,train,19.56,physionet2016
physionet_e00152,data/processed/audio/physionet_e00152.wav,normal,train,11.66,physionet2016
physionet_e00153,data/processed/audio/physionet_e00153.wav,murmur,train,27.53,physionet2016
physionet_e00154,data/processed/audio/physionet_e00154.wav,murmur,train,22.57,physionet2016
physionet_e00155,data/processed/audio/physionet_e00155.wav,murmur,test,10.78,physionet2016
physionet_e00156,data/processed/audio/physionet_e00156.wav,murmur,train,25.36,physionet2016
physionet_e00157,data/processed/audio/physionet_e00157.wav,murmur,train,44.98,physionet2016
physionet_e00158,data/processed/audio/physionet_e00158.wav,murmur,train,27.9,physionet2016
physionet_e00159,data/processed/audio/physionet_e00159.wav,murmur,train,23.55,physionet2016
physionet_e00160,data/processed/audio/physionet_e00160.wav,murmur,train,16.14,physionet2016
physionet_e00161,data/processed/audio/physionet_e00161.wav,murmur,train,14.99,physionet2016
physionet_e00162,data/processed/audio/physionet_e00162.wav,murmur,train,24.24,physionet2016
physionet_e00163,data/processed/audio/physionet_e00163.wav,murmur,train,20.37,physionet2016
physionet_e00164,data/processed/audio/physionet_e00164.wav,murmur,test,47.43,physionet2016
physionet_e00165,data/processed/audio/physionet_e00165.wav,murmur,train,12.67,physionet2016
physionet_e00166,data/processed/audio/physionet_e00166.wav,murmur,train,23.12,physionet2016
physionet_e00167,data/processed/audio/physionet_e00167.wav,murmur,train,23.03,physionet2016
physionet_e00168,data/processed/audio/physionet_e00168.wav,murmur,train,12.22,physionet2016
physionet_e00169,data/processed/audio/physionet_e00169.wav,murmur,test,18.39,physionet2016
physionet_e00170,data/processed/audio/physionet_e00170.wav,murmur,train,17.47,physionet2016
physionet_e00171,data/processed/audio/physionet_e00171.wav,murmur,test,25.39,physionet2016
physionet_e00172,data/processed/audio/physionet_e00172.wav,murmur,train,20.82,physionet2016
physionet_e00173,data/processed/audio/physionet_e00173.wav,murmur,train,36.31,physionet2016
physionet_e00174,data/processed/audio/physionet_e00174.wav,murmur,train,16.44,physionet2016
physionet_e00175,data/processed/audio/physionet_e00175.wav,murmur,train,20.17,physionet2016
physionet_e00176,data/processed/audio/physionet_e00176.wav,normal,test,38.91,physionet2016
physionet_e00177,data/processed/audio/physionet_e00177.wav,murmur,train,8.93,physionet2016
physionet_e00178,data/processed/audio/physionet_e00178.wav,murmur,train,26.21,physionet2016
physionet_e00179,data/processed/audio/physionet_e00179.wav,murmur,train,12.71,physionet2016
physionet_e00180,data/processed/audio/physionet_e00180.wav,murmur,train,20.0,physionet2016
physionet_e00181,data/processed/audio/physionet_e00181.wav,murmur,train,18.63,physionet2016
physionet_e00182,data/processed/audio/physionet_e00182.wav,murmur,train,20.79,physionet2016
physionet_e00183,data/processed/audio/physionet_e00183.wav,murmur,train,26.46,physionet2016
physionet_e00184,data/processed/audio/physionet_e00184.wav,murmur,val,30.6,physionet2016
physionet_e00185,data/processed/audio/physionet_e00185.wav,murmur,test,44.95,physionet2016
physionet_e00186,data/processed/audio/physionet_e00186.wav,murmur,val,17.09,physionet2016
physionet_e00187,data/processed/audio/physionet_e00187.wav,murmur,train,18.6,physionet2016
physionet_e00188,data/processed/audio/physionet_e00188.wav,murmur,train,13.91,physionet2016
physionet_e00189,data/processed/audio/physionet_e00189.wav,murmur,val,25.44,physionet2016
physionet_e00190,data/processed/audio/physionet_e00190.wav,murmur,train,11.56,physionet2016
physionet_e00191,data/processed/audio/physionet_e00191.wav,normal,test,81.63,physionet2016
physionet_e00192,data/processed/audio/physionet_e00192.wav,murmur,val,26.14,physionet2016
physionet_e00193,data/processed/audio/physionet_e00193.wav,murmur,train,20.65,physionet2016
physionet_e00194,data/processed/audio/physionet_e00194.wav,murmur,train,18.65,physionet2016
physionet_e00195,data/processed/audio/physionet_e00195.wav,normal,train,19.32,physionet2016
physionet_e00196,data/processed/audio/physionet_e00196.wav,murmur,train,40.03,physionet2016
physionet_e00197,data/processed/audio/physionet_e00197.wav,murmur,train,55.81,physionet2016
physionet_e00198,data/processed/audio/physionet_e00198.wav,murmur,train,24.32,physionet2016
physionet_e00199,data/processed/audio/physionet_e00199.wav,murmur,train,11.61,physionet2016
physionet_e00200,data/processed/audio/physionet_e00200.wav,murmur,train,13.74,physionet2016
physionet_e00201,data/processed/audio/physionet_e00201.wav,murmur,train,16.08,physionet2016
physionet_e00202,data/processed/audio/physionet_e00202.wav,murmur,train,25.75,physionet2016
physionet_e00203,data/processed/audio/physionet_e00203.wav,murmur,train,21.94,physionet2016
physionet_e00204,data/processed/audio/physionet_e00204.wav,murmur,train,32.76,physionet2016
physionet_e00205,data/processed/audio/physionet_e00205.wav,murmur,val,19.85,physionet2016
physionet_e00206,data/processed/audio/physionet_e00206.wav,murmur,train,42.65,physionet2016
physionet_e00207,data/processed/audio/physionet_e00207.wav,murmur,train,19.38,physionet2016
physionet_e00208,data/processed/audio/physionet_e00208.wav,murmur,train,18.57,physionet2016
physionet_e00209,data/processed/audio/physionet_e00209.wav,murmur,train,15.83,physionet2016
physionet_e00210,data/processed/audio/physionet_e00210.wav,murmur,val,16.0,physionet2016
physionet_e00211,data/processed/audio/physionet_e00211.wav,murmur,test,18.06,physionet2016
physionet_e00212,data/processed/audio/physionet_e00212.wav,murmur,train,9.33,physionet2016
physionet_e00213,data/processed/audio/physionet_e00213.wav,murmur,test,22.74,physionet2016
physionet_e00214,data/processed/audio/physionet_e00214.wav,murmur,train,15.38,physionet2016
physionet_e00215,data/processed/audio/physionet_e00215.wav,murmur,test,51.34,physionet2016
physionet_e00216,data/processed/audio/physionet_e00216.wav,normal,val,8.13,physionet2016
physionet_e00217,data/processed/audio/physionet_e00217.wav,murmur,train,33.62,physionet2016
physionet_e00218,data/processed/audio/physionet_e00218.wav,murmur,val,21.04,physionet2016
physionet_e00219,data/processed/audio/physionet_e00219.wav,murmur,train,25.14,physionet2016
physionet_e00220,data/processed/audio/physionet_e00220.wav,murmur,test,24.19,physionet2016
physionet_e00221,data/processed/audio/physionet_e00221.wav,murmur,train,40.13,physionet2016
physionet_e00222,data/processed/audio/physionet_e00222.wav,murmur,train,53.26,physionet2016
physionet_e00223,data/processed/audio/physionet_e00223.wav,murmur,train,17.62,physionet2016
physionet_e00224,data/processed/audio/physionet_e00224.wav,murmur,val,15.22,physionet2016
physionet_e00225,data/processed/audio/physionet_e00225.wav,murmur,train,15.97,physionet2016
physionet_e00226,data/processed/audio/physionet_e00226.wav,murmur,test,27.38,physionet2016
physionet_e00227,data/processed/audio/physionet_e00227.wav,murmur,test,16.94,physionet2016
physionet_e00228,data/processed/audio/physionet_e00228.wav,normal,train,21.27,physionet2016
physionet_e00229,data/processed/audio/physionet_e00229.wav,murmur,train,28.33,physionet2016
physionet_e00230,data/processed/audio/physionet_e00230.wav,murmur,test,19.93,physionet2016
physionet_e00231,data/processed/audio/physionet_e00231.wav,murmur,test,26.89,physionet2016
physionet_e00232,data/processed/audio/physionet_e00232.wav,murmur,train,28.49,physionet2016
physionet_e00233,data/processed/audio/physionet_e00233.wav,murmur,train,17.04,physionet2016
physionet_e00234,data/processed/audio/physionet_e00234.wav,murmur,train,25.74,physionet2016
physionet_e00235,data/processed/audio/physionet_e00235.wav,murmur,train,20.62,physionet2016
physionet_e00236,data/processed/audio/physionet_e00236.wav,murmur,train,18.44,physionet2016
physionet_e00237,data/processed/audio/physionet_e00237.wav,murmur,train,16.32,physionet2016
physionet_e00238,data/processed/audio/physionet_e00238.wav,murmur,val,24.67,physionet2016
physionet_e00239,data/processed/audio/physionet_e00239.wav,murmur,test,28.34,physionet2016
physionet_e00240,data/processed/audio/physionet_e00240.wav,murmur,train,16.91,physionet2016
physionet_e00241,data/processed/audio/physionet_e00241.wav,murmur,train,22.94,physionet2016
physionet_e00242,data/processed/audio/physionet_e00242.wav,murmur,val,19.76,physionet2016
physionet_e00243,data/processed/audio/physionet_e00243.wav,murmur,val,9.68,physionet2016
physionet_e00244,data/processed/audio/physionet_e00244.wav,murmur,train,24.7,physionet2016
physionet_e00245,data/processed/audio/physionet_e00245.wav,murmur,val,18.57,physionet2016
physionet_e00246,data/processed/audio/physionet_e00246.wav,murmur,train,19.91,physionet2016
physionet_e00247,data/processed/audio/physionet_e00247.wav,murmur,train,30.61,physionet2016
physionet_e00248,data/processed/audio/physionet_e00248.wav,murmur,train,24.79,physionet2016
physionet_e00249,data/processed/audio/physionet_e00249.wav,murmur,train,23.53,physionet2016
physionet_e00250,data/processed/audio/physionet_e00250.wav,murmur,train,19.45,physionet2016
physionet_e00251,data/processed/audio/physionet_e00251.wav,murmur,train,23.0,physionet2016
physionet_e00252,data/processed/audio/physionet_e00252.wav,murmur,train,27.68,physionet2016
physionet_e00253,data/processed/audio/physionet_e00253.wav,murmur,train,50.49,physionet2016
physionet_e00254,data/processed/audio/physionet_e00254.wav,murmur,train,23.26,physionet2016
physionet_e00255,data/processed/audio/physionet_e00255.wav,murmur,train,21.35,physionet2016
physionet_e00256,data/processed/audio/physionet_e00256.wav,murmur,train,32.25,physionet2016
physionet_e00257,data/processed/audio/physionet_e00257.wav,murmur,test,20.2,physionet2016
physionet_e00258,data/processed/audio/physionet_e00258.wav,murmur,test,22.65,physionet2016
physionet_e00259,data/processed/audio/physionet_e00259.wav,murmur,test,24.86,physionet2016
physionet_e00260,data/processed/audio/physionet_e00260.wav,murmur,train,45.95,physionet2016
physionet_e00261,data/processed/audio/physionet_e00261.wav,murmur,train,22.74,physionet2016
physionet_e00262,data/processed/audio/physionet_e00262.wav,murmur,train,19.36,physionet2016
physionet_e00263,data/processed/audio/physionet_e00263.wav,murmur,val,17.84,physionet2016
physionet_e00264,data/processed/audio/physionet_e00264.wav,murmur,train,17.32,physionet2016
physionet_e00265,data/processed/audio/physionet_e00265.wav,murmur,train,27.35,physionet2016
physionet_e00266,data/processed/audio/physionet_e00266.wav,normal,test,18.27,physionet2016
physionet_e00267,data/processed/audio/physionet_e00267.wav,murmur,train,19.07,physionet2016
physionet_e00268,data/processed/audio/physionet_e00268.wav,murmur,val,21.69,physionet2016
physionet_e00269,data/processed/audio/physionet_e00269.wav,murmur,val,19.85,physionet2016
physionet_e00270,data/processed/audio/physionet_e00270.wav,murmur,train,42.94,physionet2016
physionet_e00271,data/processed/audio/physionet_e00271.wav,murmur,train,45.29,physionet2016
physionet_e00272,data/processed/audio/physionet_e00272.wav,murmur,train,22.65,physionet2016
physionet_e00273,data/processed/audio/physionet_e00273.wav,murmur,val,43.21,physionet2016
physionet_e00274,data/processed/audio/physionet_e00274.wav,murmur,val,26.87,physionet2016
physionet_e00275,data/processed/audio/physionet_e00275.wav,normal,train,10.5,physionet2016
physionet_e00276,data/processed/audio/physionet_e00276.wav,murmur,train,11.2,physionet2016
physionet_e00277,data/processed/audio/physionet_e00277.wav,murmur,train,22.91,physionet2016
physionet_e00278,data/processed/audio/physionet_e00278.wav,murmur,train,25.45,physionet2016
physionet_e00279,data/processed/audio/physionet_e00279.wav,murmur,train,28.45,physionet2016
physionet_e00280,data/processed/audio/physionet_e00280.wav,murmur,train,28.97,physionet2016
physionet_e00281,data/processed/audio/physionet_e00281.wav,murmur,train,26.36,physionet2016
physionet_e00282,data/processed/audio/physionet_e00282.wav,murmur,test,20.28,physionet2016
physionet_e00283,data/processed/audio/physionet_e00283.wav,murmur,train,16.72,physionet2016
physionet_e00284,data/processed/audio/physionet_e00284.wav,murmur,test,35.72,physionet2016
physionet_e00285,data/processed/audio/physionet_e00285.wav,murmur,test,23.59,physionet2016
physionet_e00286,data/processed/audio/physionet_e00286.wav,murmur,train,20.32,physionet2016
physionet_e00287,data/processed/audio/physionet_e00287.wav,murmur,train,9.93,physionet2016
physionet_e00288,data/processed/audio/physionet_e00288.wav,murmur,val,23.56,physionet2016
physionet_e00289,data/processed/audio/physionet_e00289.wav,murmur,val,28.08,physionet2016
physionet_e00290,data/processed/audio/physionet_e00290.wav,murmur,train,12.69,physionet2016
physionet_e00291,data/processed/audio/physionet_e00291.wav,murmur,val,17.61,physionet2016
physionet_e00292,data/processed/audio/physionet_e00292.wav,murmur,train,33.85,physionet2016
physionet_e00293,data/processed/audio/physionet_e00293.wav,murmur,train,24.24,physionet2016
physionet_e00294,data/processed/audio/physionet_e00294.wav,murmur,train,18.82,physionet2016
physionet_e00295,data/processed/audio/physionet_e00295.wav,normal,test,21.85,physionet2016
physionet_e00296,data/processed/audio/physionet_e00296.wav,murmur,train,25.98,physionet2016
physionet_e00297,data/processed/audio/physionet_e00297.wav,murmur,train,27.73,physionet2016
physionet_e00298,data/processed/audio/physionet_e00298.wav,murmur,train,26.67,physionet2016
physionet_e00299,data/processed/audio/physionet_e00299.wav,murmur,train,22.92,physionet2016
physionet_e00300,data/processed/audio/physionet_e00300.wav,murmur,test,21.2,physionet2016
physionet_e00301,data/processed/audio/physionet_e00301.wav,murmur,val,38.1,physionet2016
physionet_e00302,data/processed/audio/physionet_e00302.wav,murmur,test,22.99,physionet2016
physionet_e00303,data/processed/audio/physionet_e00303.wav,murmur,train,28.32,physionet2016
physionet_e00304,data/processed/audio/physionet_e00304.wav,normal,val,13.33,physionet2016
physionet_e00305,data/processed/audio/physionet_e00305.wav,normal,train,13.24,physionet2016
physionet_e00306,data/processed/audio/physionet_e00306.wav,murmur,val,24.93,physionet2016
physionet_e00307,data/processed/audio/physionet_e00307.wav,murmur,train,23.36,physionet2016
physionet_e00308,data/processed/audio/physionet_e00308.wav,murmur,train,50.53,physionet2016
physionet_e00309,data/processed/audio/physionet_e00309.wav,murmur,val,11.74,physionet2016
physionet_e00310,data/processed/audio/physionet_e00310.wav,murmur,train,24.87,physionet2016
physionet_e00311,data/processed/audio/physionet_e00311.wav,murmur,test,17.36,physionet2016
physionet_e00312,data/processed/audio/physionet_e00312.wav,murmur,val,21.22,physionet2016
physionet_e00313,data/processed/audio/physionet_e00313.wav,murmur,train,22.3,physionet2016
physionet_e00314,data/processed/audio/physionet_e00314.wav,murmur,test,16.46,physionet2016
physionet_e00315,data/processed/audio/physionet_e00315.wav,murmur,train,27.15,physionet2016
physionet_e00316,data/processed/audio/physionet_e00316.wav,murmur,train,19.28,physionet2016
physionet_e00317,data/processed/audio/physionet_e00317.wav,murmur,train,23.69,physionet2016
physionet_e00318,data/processed/audio/physionet_e00318.wav,murmur,train,20.39,physionet2016
physionet_e00319,data/processed/audio/physionet_e00319.wav,murmur,train,20.02,physionet2016
physionet_e00320,data/processed/audio/physionet_e00320.wav,murmur,train,42.27,physionet2016
physionet_e00321,data/processed/audio/physionet_e00321.wav,normal,train,9.8,physionet2016
physionet_e00322,data/processed/audio/physionet_e00322.wav,murmur,train,17.62,physionet2016
physionet_e00323,data/processed/audio/physionet_e00323.wav,murmur,train,21.39,physionet2016
physionet_e00324,data/processed/audio/physionet_e00324.wav,murmur,train,22.97,physionet2016
physionet_e00325,data/processed/audio/physionet_e00325.wav,murmur,train,15.1,physionet2016
physionet_e00326,data/processed/audio/physionet_e00326.wav,murmur,train,13.7,physionet2016
physionet_e00327,data/processed/audio/physionet_e00327.wav,murmur,val,23.3,physionet2016
physionet_e00328,data/processed/audio/physionet_e00328.wav,normal,val,20.69,physionet2016
physionet_e00329,data/processed/audio/physionet_e00329.wav,murmur,test,19.9,physionet2016
physionet_e00330,data/processed/audio/physionet_e00330.wav,normal,test,23.78,physionet2016
physionet_e00331,data/processed/audio/physionet_e00331.wav,murmur,train,13.19,physionet2016
physionet_e00332,data/processed/audio/physionet_e00332.wav,murmur,train,16.0,physionet2016
physionet_e00333,data/processed/audio/physionet_e00333.wav,murmur,train,80.28,physionet2016
physionet_e00334,data/processed/audio/physionet_e00334.wav,murmur,train,24.7,physionet2016
physionet_e00335,data/processed/audio/physionet_e00335.wav,murmur,train,20.99,physionet2016
physionet_e00336,data/processed/audio/physionet_e00336.wav,normal,train,12.26,physionet2016
physionet_e00337,data/processed/audio/physionet_e00337.wav,murmur,test,26.7,physionet2016
physionet_e00338,data/processed/audio/physionet_e00338.wav,murmur,train,57.73,physionet2016
physionet_e00339,data/processed/audio/physionet_e00339.wav,murmur,train,23.3,physionet2016
physionet_e00340,data/processed/audio/physionet_e00340.wav,murmur,train,10.44,physionet2016
physionet_e00341,data/processed/audio/physionet_e00341.wav,murmur,train,26.51,physionet2016
physionet_e00342,data/processed/audio/physionet_e00342.wav,murmur,test,15.2,physionet2016
physionet_e00343,data/processed/audio/physionet_e00343.wav,murmur,train,8.71,physionet2016
physionet_e00344,data/processed/audio/physionet_e00344.wav,murmur,train,12.95,physionet2016
physionet_e00345,data/processed/audio/physionet_e00345.wav,murmur,train,23.26,physionet2016
physionet_e00346,data/processed/audio/physionet_e00346.wav,murmur,train,18.66,physionet2016
physionet_e00347,data/processed/audio/physionet_e00347.wav,murmur,val,12.16,physionet2016
physionet_e00348,data/processed/audio/physionet_e00348.wav,murmur,train,19.4,physionet2016
physionet_e00349,data/processed/audio/physionet_e00349.wav,murmur,train,28.26,physionet2016
physionet_e00350,data/processed/audio/physionet_e00350.wav,murmur,train,18.21,physionet2016
physionet_e00351,data/processed/audio/physionet_e00351.wav,murmur,val,20.17,physionet2016
physionet_e00352,data/processed/audio/physionet_e00352.wav,murmur,train,9.24,physionet2016
physionet_e00353,data/processed/audio/physionet_e00353.wav,murmur,train,15.92,physionet2016
physionet_e00354,data/processed/audio/physionet_e00354.wav,murmur,train,19.99,physionet2016
physionet_e00355,data/processed/audio/physionet_e00355.wav,murmur,train,11.43,physionet2016
physionet_e00356,data/processed/audio/physionet_e00356.wav,murmur,train,22.08,physionet2016
physionet_e00357,data/processed/audio/physionet_e00357.wav,murmur,train,12.46,physionet2016
physionet_e00358,data/processed/audio/physionet_e00358.wav,murmur,train,12.04,physionet2016
physionet_e00359,data/processed/audio/physionet_e00359.wav,normal,test,20.9,physionet2016
physionet_e00360,data/processed/audio/physionet_e00360.wav,murmur,test,10.8,physionet2016
physionet_e00361,data/processed/audio/physionet_e00361.wav,murmur,train,22.45,physionet2016
physionet_e00362,data/processed/audio/physionet_e00362.wav,murmur,train,16.53,physionet2016
physionet_e00363,data/processed/audio/physionet_e00363.wav,murmur,train,22.91,physionet2016
physionet_e00364,data/processed/audio/physionet_e00364.wav,murmur,test,22.19,physionet2016
physionet_e00365,data/processed/audio/physionet_e00365.wav,murmur,train,11.81,physionet2016
physionet_e00366,data/processed/audio/physionet_e00366.wav,murmur,train,22.23,physionet2016
physionet_e00367,data/processed/audio/physionet_e00367.wav,murmur,val,19.74,physionet2016
physionet_e00368,data/processed/audio/physionet_e00368.wav,murmur,test,22.32,physionet2016
physionet_e00369,data/processed/audio/physionet_e00369.wav,murmur,train,28.62,physionet2016
physionet_e00370,data/processed/audio/physionet_e00370.wav,murmur,train,21.56,physionet2016
physionet_e00371,data/processed/audio/physionet_e00371.wav,murmur,val,30.46,physionet2016
physionet_e00372,data/processed/audio/physionet_e00372.wav,murmur,train,17.56,physionet2016
physionet_e00373,data/processed/audio/physionet_e00373.wav,normal,train,14.93,physionet2016
physionet_e00374,data/processed/audio/physionet_e00374.wav,murmur,train,25.67,physionet2016
physionet_e00375,data/processed/audio/physionet_e00375.wav,murmur,train,22.77,physionet2016
physionet_e00376,data/processed/audio/physionet_e00376.wav,murmur,val,24.15,physionet2016
physionet_e00377,data/processed/audio/physionet_e00377.wav,murmur,train,20.21,physionet2016
physionet_e00378,data/processed/audio/physionet_e00378.wav,murmur,val,14.51,physionet2016
physionet_e00379,data/processed/audio/physionet_e00379.wav,murmur,train,20.54,physionet2016
physionet_e00380,data/processed/audio/physionet_e00380.wav,murmur,test,37.93,physionet2016
physionet_e00381,data/processed/audio/physionet_e00381.wav,murmur,train,22.21,physionet2016
physionet_e00382,data/processed/audio/physionet_e00382.wav,murmur,train,34.46,physionet2016
physionet_e00383,data/processed/audio/physionet_e00383.wav,murmur,train,21.03,physionet2016
physionet_e00384,data/processed/audio/physionet_e00384.wav,murmur,train,13.68,physionet2016
physionet_e00385,data/processed/audio/physionet_e00385.wav,murmur,train,25.46,physionet2016
physionet_e00386,data/processed/audio/physionet_e00386.wav,murmur,val,16.45,physionet2016
physionet_e00387,data/processed/audio/physionet_e00387.wav,murmur,train,27.14,physionet2016
physionet_e00388,data/processed/audio/physionet_e00388.wav,normal,val,21.43,physionet2016
physionet_e00389,data/processed/audio/physionet_e00389.wav,murmur,train,17.82,physionet2016
physionet_e00390,data/processed/audio/physionet_e00390.wav,murmur,train,19.61,physionet2016
physionet_e00391,data/processed/audio/physionet_e00391.wav,murmur,train,24.09,physionet2016
physionet_e00392,data/processed/audio/physionet_e00392.wav,murmur,test,24.74,physionet2016
physionet_e00393,data/processed/audio/physionet_e00393.wav,murmur,val,19.32,physionet2016
physionet_e00394,data/processed/audio/physionet_e00394.wav,murmur,train,20.47,physionet2016
physionet_e00395,data/processed/audio/physionet_e00395.wav,murmur,train,21.09,physionet2016
physionet_e00396,data/processed/audio/physionet_e00396.wav,murmur,train,38.07,physionet2016
physionet_e00397,data/processed/audio/physionet_e00397.wav,murmur,val,26.22,physionet2016
physionet_e00398,data/processed/audio/physionet_e00398.wav,murmur,train,21.91,physionet2016
physionet_e00399,data/processed/audio/physionet_e00399.wav,murmur,train,29.82,physionet2016
physionet_e00400,data/processed/audio/physionet_e00400.wav,murmur,val,11.9,physionet2016
physionet_e00401,data/processed/audio/physionet_e00401.wav,murmur,train,29.77,physionet2016
physionet_e00402,data/processed/audio/physionet_e00402.wav,murmur,train,23.34,physionet2016
physionet_e00403,data/processed/audio/physionet_e00403.wav,murmur,train,52.97,physionet2016
physionet_e00404,data/processed/audio/physionet_e00404.wav,murmur,train,14.6,physionet2016
physionet_e00405,data/processed/audio/physionet_e00405.wav,murmur,train,14.39,physionet2016
physionet_e00406,data/processed/audio/physionet_e00406.wav,murmur,train,23.63,physionet2016
physionet_e00407,data/processed/audio/physionet_e00407.wav,murmur,test,29.95,physionet2016
physionet_e00408,data/processed/audio/physionet_e00408.wav,murmur,train,21.29,physionet2016
physionet_e00409,data/processed/audio/physionet_e00409.wav,murmur,train,13.25,physionet2016
physionet_e00410,data/processed/audio/physionet_e00410.wav,murmur,train,18.57,physionet2016
physionet_e00411,data/processed/audio/physionet_e00411.wav,murmur,train,22.68,physionet2016
physionet_e00412,data/processed/audio/physionet_e00412.wav,murmur,train,8.41,physionet2016
physionet_e00413,data/processed/audio/physionet_e00413.wav,murmur,train,34.71,physionet2016
physionet_e00414,data/processed/audio/physionet_e00414.wav,murmur,train,20.46,physionet2016
physionet_e00415,data/processed/audio/physionet_e00415.wav,murmur,train,20.29,physionet2016
physionet_e00416,data/processed/audio/physionet_e00416.wav,murmur,test,38.16,physionet2016
physionet_e00417,data/processed/audio/physionet_e00417.wav,murmur,test,24.81,physionet2016
physionet_e00418,data/processed/audio/physionet_e00418.wav,murmur,train,15.03,physionet2016
physionet_e00419,data/processed/audio/physionet_e00419.wav,murmur,train,25.38,physionet2016
physionet_e00420,data/processed/audio/physionet_e00420.wav,murmur,test,25.63,physionet2016
physionet_e00421,data/processed/audio/physionet_e00421.wav,murmur,train,22.45,physionet2016
physionet_e00422,data/processed/audio/physionet_e00422.wav,murmur,train,20.74,physionet2016
physionet_e00423,data/processed/audio/physionet_e00423.wav,murmur,test,16.34,physionet2016
physionet_e00424,data/processed/audio/physionet_e00424.wav,murmur,test,11.14,physionet2016
physionet_e00425,data/processed/audio/physionet_e00425.wav,murmur,train,26.15,physionet2016
physionet_e00426,data/processed/audio/physionet_e00426.wav,murmur,test,15.16,physionet2016
physionet_e00427,data/processed/audio/physionet_e00427.wav,murmur,train,11.02,physionet2016
physionet_e00428,data/processed/audio/physionet_e00428.wav,murmur,train,13.33,physionet2016
physionet_e00429,data/processed/audio/physionet_e00429.wav,murmur,train,10.49,physionet2016
physionet_e00430,data/processed/audio/physionet_e00430.wav,murmur,train,21.72,physionet2016
physionet_e00431,data/processed/audio/physionet_e00431.wav,murmur,val,11.11,physionet2016
physionet_e00432,data/processed/audio/physionet_e00432.wav,murmur,train,62.44,physionet2016
physionet_e00433,data/processed/audio/physionet_e00433.wav,murmur,train,13.2,physionet2016
physionet_e00434,data/processed/audio/physionet_e00434.wav,murmur,train,12.6,physionet2016
physionet_e00435,data/processed/audio/physionet_e00435.wav,normal,train,23.67,physionet2016
physionet_e00436,data/processed/audio/physionet_e00436.wav,murmur,test,13.79,physionet2016
physionet_e00437,data/processed/audio/physionet_e00437.wav,murmur,test,23.69,physionet2016
physionet_e00438,data/processed/audio/physionet_e00438.wav,murmur,train,23.57,physionet2016
physionet_e00439,data/processed/audio/physionet_e00439.wav,murmur,train,18.42,physionet2016
physionet_e00440,data/processed/audio/physionet_e00440.wav,murmur,train,10.47,physionet2016
physionet_e00441,data/processed/audio/physionet_e00441.wav,murmur,train,16.23,physionet2016
physionet_e00442,data/processed/audio/physionet_e00442.wav,murmur,train,9.36,physionet2016
physionet_e00443,data/processed/audio/physionet_e00443.wav,murmur,train,11.82,physionet2016
physionet_e00444,data/processed/audio/physionet_e00444.wav,murmur,train,21.32,physionet2016
physionet_e00445,data/processed/audio/physionet_e00445.wav,murmur,test,21.45,physionet2016
physionet_e00446,data/processed/audio/physionet_e00446.wav,murmur,train,23.64,physionet2016
physionet_e00447,data/processed/audio/physionet_e00447.wav,murmur,val,34.67,physionet2016
physionet_e00448,data/processed/audio/physionet_e00448.wav,murmur,train,33.39,physionet2016
physionet_e00449,data/processed/audio/physionet_e00449.wav,murmur,train,18.56,physionet2016
physionet_e00450,data/processed/audio/physionet_e00450.wav,murmur,val,11.71,physionet2016
physionet_e00451,data/processed/audio/physionet_e00451.wav,murmur,train,19.34,physionet2016
physionet_e00452,data/processed/audio/physionet_e00452.wav,murmur,val,16.83,physionet2016
physionet_e00453,data/processed/audio/physionet_e00453.wav,murmur,train,24.67,physionet2016
physionet_e00454,data/processed/audio/physionet_e00454.wav,murmur,train,11.21,physionet2016
physionet_e00455,data/processed/audio/physionet_e00455.wav,murmur,train,27.31,physionet2016
physionet_e00456,data/processed/audio/physionet_e00456.wav,normal,train,23.78,physionet2016
physionet_e00457,data/processed/audio/physionet_e00457.wav,normal,test,14.84,physionet2016
physionet_e00458,data/processed/audio/physionet_e00458.wav,murmur,train,8.15,physionet2016
physionet_e00459,data/processed/audio/physionet_e00459.wav,murmur,val,19.15,physionet2016
physionet_e00460,data/processed/audio/physionet_e00460.wav,murmur,test,19.36,physionet2016
physionet_e00461,data/processed/audio/physionet_e00461.wav,normal,train,15.51,physionet2016
physionet_e00462,data/processed/audio/physionet_e00462.wav,murmur,train,39.0,physionet2016
physionet_e00463,data/processed/audio/physionet_e00463.wav,murmur,test,22.7,physionet2016
physionet_e00464,data/processed/audio/physionet_e00464.wav,murmur,train,17.23,physionet2016
physionet_e00465,data/processed/audio/physionet_e00465.wav,murmur,train,30.71,physionet2016
physionet_e00466,data/processed/audio/physionet_e00466.wav,murmur,train,14.63,physionet2016
physionet_e00467,data/processed/audio/physionet_e00467.wav,murmur,train,12.65,physionet2016
physionet_e00468,data/processed/audio/physionet_e00468.wav,murmur,val,28.28,physionet2016
physionet_e00469,data/processed/audio/physionet_e00469.wav,murmur,train,38.8,physionet2016
physionet_e00470,data/processed/audio/physionet_e00470.wav,murmur,val,11.8,physionet2016
physionet_e00471,data/processed/audio/physionet_e00471.wav,murmur,train,19.05,physionet2016
physionet_e00472,data/processed/audio/physionet_e00472.wav,murmur,train,15.96,physionet2016
physionet_e00473,data/processed/audio/physionet_e00473.wav,murmur,train,80.6,physionet2016
physionet_e00474,data/processed/audio/physionet_e00474.wav,murmur,train,20.27,physionet2016
physionet_e00475,data/processed/audio/physionet_e00475.wav,normal,train,11.7,physionet2016
physionet_e00476,data/processed/audio/physionet_e00476.wav,murmur,train,60.07,physionet2016
physionet_e00477,data/processed/audio/physionet_e00477.wav,normal,train,15.7,physionet2016
physionet_e00478,data/processed/audio/physionet_e00478.wav,murmur,train,25.14,physionet2016
physionet_e00479,data/processed/audio/physionet_e00479.wav,murmur,train,25.38,physionet2016
physionet_e00480,data/processed/audio/physionet_e00480.wav,murmur,train,14.58,physionet2016
physionet_e00481,data/processed/audio/physionet_e00481.wav,murmur,train,17.97,physionet2016
physionet_e00482,data/processed/audio/physionet_e00482.wav,murmur,test,25.53,physionet2016
physionet_e00483,data/processed/audio/physionet_e00483.wav,murmur,val,17.71,physionet2016
physionet_e00484,data/processed/audio/physionet_e00484.wav,murmur,val,13.24,physionet2016
physionet_e00485,data/processed/audio/physionet_e00485.wav,murmur,test,10.74,physionet2016
physionet_e00486,data/processed/audio/physionet_e00486.wav,murmur,test,60.12,physionet2016
physionet_e00487,data/processed/audio/physionet_e00487.wav,murmur,train,25.0,physionet2016
physionet_e00488,data/processed/audio/physionet_e00488.wav,murmur,train,28.64,physionet2016
physionet_e00489,data/processed/audio/physionet_e00489.wav,murmur,train,36.44,physionet2016
physionet_e00490,data/processed/audio/physionet_e00490.wav,murmur,train,20.49,physionet2016
physionet_e00491,data/processed/audio/physionet_e00491.wav,murmur,train,33.9,physionet2016
physionet_e00492,data/processed/audio/physionet_e00492.wav,murmur,train,32.32,physionet2016
physionet_e00493,data/processed/audio/physionet_e00493.wav,murmur,train,10.12,physionet2016
physionet_e00494,data/processed/audio/physionet_e00494.wav,murmur,train,23.2,physionet2016
physionet_e00495,data/processed/audio/physionet_e00495.wav,murmur,train,15.1,physionet2016
physionet_e00496,data/processed/audio/physionet_e00496.wav,murmur,train,30.86,physionet2016
physionet_e00497,data/processed/audio/physionet_e00497.wav,murmur,train,17.03,physionet2016
physionet_e00498,data/processed/audio/physionet_e00498.wav,murmur,train,24.08,physionet2016
physionet_e00499,data/processed/audio/physionet_e00499.wav,murmur,val,19.09,physionet2016
physionet_e00500,data/processed/audio/physionet_e00500.wav,murmur,train,27.83,physionet2016
physionet_e00501,data/processed/audio/physionet_e00501.wav,murmur,train,14.43,physionet2016
physionet_e00502,data/processed/audio/physionet_e00502.wav,murmur,train,15.94,physionet2016
physionet_e00503,data/processed/audio/physionet_e00503.wav,murmur,train,13.48,physionet2016
physionet_e00504,data/processed/audio/physionet_e00504.wav,murmur,train,11.4,physionet2016
physionet_e00505,data/processed/audio/physionet_e00505.wav,murmur,train,22.56,physionet2016
physionet_e00506,data/processed/audio/physionet_e00506.wav,murmur,train,17.86,physionet2016
physionet_e00507,data/processed/audio/physionet_e00507.wav,murmur,val,22.24,physionet2016
physionet_e00508,data/processed/audio/physionet_e00508.wav,murmur,train,17.19,physionet2016
physionet_e00509,data/processed/audio/physionet_e00509.wav,murmur,train,26.25,physionet2016
physionet_e00510,data/processed/audio/physionet_e00510.wav,murmur,train,10.01,physionet2016
physionet_e00511,data/processed/audio/physionet_e00511.wav,murmur,train,34.37,physionet2016
physionet_e00512,data/processed/audio/physionet_e00512.wav,murmur,train,8.29,physionet2016
physionet_e00513,data/processed/audio/physionet_e00513.wav,murmur,val,16.56,physionet2016
physionet_e00514,data/processed/audio/physionet_e00514.wav,murmur,train,18.18,physionet2016
physionet_e00515,data/processed/audio/physionet_e00515.wav,murmur,train,22.69,physionet2016
physionet_e00516,data/processed/audio/physionet_e00516.wav,murmur,train,19.86,physionet2016
physionet_e00517,data/processed/audio/physionet_e00517.wav,murmur,train,36.75,physionet2016
physionet_e00518,data/processed/audio/physionet_e00518.wav,murmur,train,28.1,physionet2016
physionet_e00519,data/processed/audio/physionet_e00519.wav,murmur,val,11.88,physionet2016
physionet_e00520,data/processed/audio/physionet_e00520.wav,murmur,val,14.14,physionet2016
physionet_e00521,data/processed/audio/physionet_e00521.wav,murmur,train,20.54,physionet2016
physionet_e00522,data/processed/audio/physionet_e00522.wav,murmur,train,20.96,physionet2016
physionet_e00523,data/processed/audio/physionet_e00523.wav,normal,train,40.54,physionet2016
physionet_e00524,data/processed/audio/physionet_e00524.wav,murmur,val,20.6,physionet2016
physionet_e00525,data/processed/audio/physionet_e00525.wav,murmur,train,23.37,physionet2016
physionet_e00526,data/processed/audio/physionet_e00526.wav,normal,train,10.59,physionet2016
physionet_e00527,data/processed/audio/physionet_e00527.wav,murmur,train,48.22,physionet2016
physionet_e00528,data/processed/audio/physionet_e00528.wav,normal,train,23.75,physionet2016
physionet_e00529,data/processed/audio/physionet_e00529.wav,murmur,test,35.02,physionet2016
physionet_e00530,data/processed/audio/physionet_e00530.wav,murmur,val,19.29,physionet2016
physionet_e00531,data/processed/audio/physionet_e00531.wav,murmur,val,8.29,physionet2016
physionet_e00532,data/processed/audio/physionet_e00532.wav,murmur,train,26.55,physionet2016
physionet_e00533,data/processed/audio/physionet_e00533.wav,murmur,train,18.56,physionet2016
physionet_e00534,data/processed/audio/physionet_e00534.wav,murmur,train,21.9,physionet2016
physionet_e00535,data/processed/audio/physionet_e00535.wav,murmur,train,21.49,physionet2016
physionet_e00536,data/processed/audio/physionet_e00536.wav,normal,train,18.65,physionet2016
physionet_e00537,data/processed/audio/physionet_e00537.wav,normal,train,11.63,physionet2016
physionet_e00538,data/processed/audio/physionet_e00538.wav,murmur,train,9.36,physionet2016
physionet_e00539,data/processed/audio/physionet_e00539.wav,normal,train,46.26,physionet2016
physionet_e00540,data/processed/audio/physionet_e00540.wav,murmur,train,15.81,physionet2016
physionet_e00541,data/processed/audio/physionet_e00541.wav,murmur,train,37.29,physionet2016
physionet_e00542,data/processed/audio/physionet_e00542.wav,murmur,train,19.5,physionet2016
physionet_e00543,data/processed/audio/physionet_e00543.wav,murmur,train,22.73,physionet2016
physionet_e00544,data/processed/audio/physionet_e00544.wav,murmur,train,22.12,physionet2016
physionet_e00545,data/processed/audio/physionet_e00545.wav,murmur,train,84.58,physionet2016
physionet_e00546,data/processed/audio/physionet_e00546.wav,murmur,train,17.98,physionet2016
physionet_e00547,data/processed/audio/physionet_e00547.wav,murmur,test,22.49,physionet2016
physionet_e00548,data/processed/audio/physionet_e00548.wav,murmur,test,29.32,physionet2016
physionet_e00549,data/processed/audio/physionet_e00549.wav,murmur,train,11.55,physionet2016
physionet_e00550,data/processed/audio/physionet_e00550.wav,murmur,train,37.48,physionet2016
physionet_e00551,data/processed/audio/physionet_e00551.wav,normal,val,21.41,physionet2016
physionet_e00552,data/processed/audio/physionet_e00552.wav,murmur,train,23.42,physionet2016
physionet_e00553,data/processed/audio/physionet_e00553.wav,murmur,train,41.33,physionet2016
physionet_e00554,data/processed/audio/physionet_e00554.wav,murmur,train,14.11,physionet2016
physionet_e00555,data/processed/audio/physionet_e00555.wav,murmur,train,16.64,physionet2016
physionet_e00556,data/processed/audio/physionet_e00556.wav,murmur,train,29.36,physionet2016
physionet_e00557,data/processed/audio/physionet_e00557.wav,murmur,val,14.57,physionet2016
physionet_e00558,data/processed/audio/physionet_e00558.wav,murmur,test,30.69,physionet2016
physionet_e00559,data/processed/audio/physionet_e00559.wav,murmur,val,19.37,physionet2016
physionet_e00560,data/processed/audio/physionet_e00560.wav,murmur,train,26.09,physionet2016
physionet_e00561,data/processed/audio/physionet_e00561.wav,murmur,train,25.82,physionet2016
physionet_e00562,data/processed/audio/physionet_e00562.wav,normal,train,23.78,physionet2016
physionet_e00563,data/processed/audio/physionet_e00563.wav,murmur,train,15.28,physionet2016
physionet_e00564,data/processed/audio/physionet_e00564.wav,murmur,train,14.09,physionet2016
physionet_e00565,data/processed/audio/physionet_e00565.wav,murmur,train,15.98,physionet2016
physionet_e00566,data/processed/audio/physionet_e00566.wav,murmur,train,18.44,physionet2016
physionet_e00567,data/processed/audio/physionet_e00567.wav,murmur,train,20.92,physionet2016
physionet_e00568,data/processed/audio/physionet_e00568.wav,murmur,train,19.27,physionet2016
physionet_e00569,data/processed/audio/physionet_e00569.wav,murmur,train,23.95,physionet2016
physionet_e00570,data/processed/audio/physionet_e00570.wav,murmur,train,16.04,physionet2016
physionet_e00571,data/processed/audio/physionet_e00571.wav,murmur,val,8.12,physionet2016
physionet_e00572,data/processed/audio/physionet_e00572.wav,murmur,train,12.2,physionet2016
physionet_e00573,data/processed/audio/physionet_e00573.wav,murmur,train,24.17,physionet2016
physionet_e00574,data/processed/audio/physionet_e00574.wav,murmur,train,12.44,physionet2016
physionet_e00575,data/processed/audio/physionet_e00575.wav,murmur,train,20.54,physionet2016
physionet_e00576,data/processed/audio/physionet_e00576.wav,murmur,train,28.64,physionet2016
physionet_e00577,data/processed/audio/physionet_e00577.wav,murmur,train,31.56,physionet2016
physionet_e00578,data/processed/audio/physionet_e00578.wav,murmur,train,13.38,physionet2016
physionet_e00579,data/processed/audio/physionet_e00579.wav,murmur,train,28.0,physionet2016
physionet_e00580,data/processed/audio/physionet_e00580.wav,murmur,train,37.48,physionet2016
physionet_e00581,data/processed/audio/physionet_e00581.wav,murmur,train,28.05,physionet2016
physionet_e00582,data/processed/audio/physionet_e00582.wav,murmur,val,25.49,physionet2016
physionet_e00583,data/processed/audio/physionet_e00583.wav,murmur,train,25.44,physionet2016
physionet_e00584,data/processed/audio/physionet_e00584.wav,murmur,train,26.62,physionet2016
physionet_e00585,data/processed/audio/physionet_e00585.wav,murmur,train,57.57,physionet2016
physionet_e00586,data/processed/audio/physionet_e00586.wav,murmur,test,20.91,physionet2016
physionet_e00587,data/processed/audio/physionet_e00587.wav,murmur,train,17.15,physionet2016
physionet_e00588,data/processed/audio/physionet_e00588.wav,murmur,train,28.33,physionet2016
physionet_e00589,data/processed/audio/physionet_e00589.wav,murmur,train,25.81,physionet2016
physionet_e00590,data/processed/audio/physionet_e00590.wav,murmur,train,47.54,physionet2016
physionet_e00591,data/processed/audio/physionet_e00591.wav,normal,test,19.27,physionet2016
physionet_e00592,data/processed/audio/physionet_e00592.wav,murmur,train,22.01,physionet2016
physionet_e00593,data/processed/audio/physionet_e00593.wav,murmur,test,19.27,physionet2016
physionet_e00594,data/processed/audio/physionet_e00594.wav,murmur,train,13.13,physionet2016
physionet_e00595,data/processed/audio/physionet_e00595.wav,murmur,train,93.53,physionet2016
physionet_e00596,data/processed/audio/physionet_e00596.wav,murmur,train,18.25,physionet2016
physionet_e00597,data/processed/audio/physionet_e00597.wav,murmur,train,8.86,physionet2016
physionet_e00598,data/processed/audio/physionet_e00598.wav,murmur,train,16.37,physionet2016
physionet_e00599,data/processed/audio/physionet_e00599.wav,murmur,train,53.41,physionet2016
physionet_e00600,data/processed/audio/physionet_e00600.wav,murmur,train,17.41,physionet2016
physionet_e00601,data/processed/audio/physionet_e00601.wav,normal,train,22.73,physionet2016
physionet_e00602,data/processed/audio/physionet_e00602.wav,murmur,train,43.81,physionet2016
physionet_e00603,data/processed/audio/physionet_e00603.wav,normal,train,91.7,physionet2016
physionet_e00604,data/processed/audio/physionet_e00604.wav,murmur,train,23.23,physionet2016
physionet_e00605,data/processed/audio/physionet_e00605.wav,normal,train,21.5,physionet2016
physionet_e00606,data/processed/audio/physionet_e00606.wav,murmur,train,14.17,physionet2016
physionet_e00607,data/processed/audio/physionet_e00607.wav,murmur,train,19.59,physionet2016
physionet_e00608,data/processed/audio/physionet_e00608.wav,murmur,train,19.75,physionet2016
physionet_e00609,data/processed/audio/physionet_e00609.wav,murmur,train,19.77,physionet2016
physionet_e00610,data/processed/audio/physionet_e00610.wav,murmur,train,22.17,physionet2016
physionet_e00611,data/processed/audio/physionet_e00611.wav,murmur,train,23.51,physionet2016
physionet_e00612,data/processed/audio/physionet_e00612.wav,murmur,test,15.76,physionet2016
physionet_e00613,data/processed/audio/physionet_e00613.wav,murmur,train,26.5,physionet2016
physionet_e00614,data/processed/audio/physionet_e00614.wav,murmur,val,36.35,physionet2016
physionet_e00615,data/processed/audio/physionet_e00615.wav,murmur,test,15.54,physionet2016
physionet_e00616,data/processed/audio/physionet_e00616.wav,murmur,train,37.71,physionet2016
physionet_e00617,data/processed/audio/physionet_e00617.wav,murmur,val,20.15,physionet2016
physionet_e00618,data/processed/audio/physionet_e00618.wav,murmur,train,20.76,physionet2016
physionet_e00619,data/processed/audio/physionet_e00619.wav,normal,val,9.45,physionet2016
physionet_e00620,data/processed/audio/physionet_e00620.wav,murmur,test,24.53,physionet2016
physionet_e00621,data/processed/audio/physionet_e00621.wav,murmur,val,23.8,physionet2016
physionet_e00622,data/processed/audio/physionet_e00622.wav,normal,train,20.78,physionet2016
physionet_e00623,data/processed/audio/physionet_e00623.wav,murmur,val,18.82,physionet2016
physionet_e00624,data/processed/audio/physionet_e00624.wav,murmur,train,13.72,physionet2016
physionet_e00625,data/processed/audio/physionet_e00625.wav,murmur,val,27.07,physionet2016
physionet_e00626,data/processed/audio/physionet_e00626.wav,murmur,train,9.08,physionet2016
physionet_e00627,data/processed/audio/physionet_e00627.wav,normal,train,17.16,physionet2016
physionet_e00628,data/processed/audio/physionet_e00628.wav,murmur,train,41.09,physionet2016
physionet_e00629,data/processed/audio/physionet_e00629.wav,murmur,train,15.39,physionet2016
physionet_e00630,data/processed/audio/physionet_e00630.wav,murmur,train,18.99,physionet2016
physionet_e00631,data/processed/audio/physionet_e00631.wav,murmur,train,23.89,physionet2016
physionet_e00632,data/processed/audio/physionet_e00632.wav,murmur,train,14.5,physionet2016
physionet_e00633,data/processed/audio/physionet_e00633.wav,murmur,test,13.95,physionet2016
physionet_e00634,data/processed/audio/physionet_e00634.wav,murmur,train,28.31,physionet2016
physionet_e00635,data/processed/audio/physionet_e00635.wav,murmur,train,24.46,physionet2016
physionet_e00636,data/processed/audio/physionet_e00636.wav,murmur,test,24.34,physionet2016
physionet_e00637,data/processed/audio/physionet_e00637.wav,murmur,train,19.3,physionet2016
physionet_e00638,data/processed/audio/physionet_e00638.wav,murmur,val,39.08,physionet2016
physionet_e00639,data/processed/audio/physionet_e00639.wav,murmur,train,13.71,physionet2016
physionet_e00640,data/processed/audio/physionet_e00640.wav,murmur,train,15.97,physionet2016
physionet_e00641,data/processed/audio/physionet_e00641.wav,murmur,train,11.03,physionet2016
physionet_e00642,data/processed/audio/physionet_e00642.wav,murmur,train,20.58,physionet2016
physionet_e00643,data/processed/audio/physionet_e00643.wav,murmur,train,21.32,physionet2016
physionet_e00644,data/processed/audio/physionet_e00644.wav,murmur,test,19.17,physionet2016
physionet_e00645,data/processed/audio/physionet_e00645.wav,murmur,train,17.56,physionet2016
physionet_e00646,data/processed/audio/physionet_e00646.wav,murmur,test,22.37,physionet2016
physionet_e00647,data/processed/audio/physionet_e00647.wav,murmur,train,17.85,physionet2016
physionet_e00648,data/processed/audio/physionet_e00648.wav,normal,train,10.89,physionet2016
physionet_e00649,data/processed/audio/physionet_e00649.wav,murmur,test,35.75,physionet2016
physionet_e00650,data/processed/audio/physionet_e00650.wav,murmur,test,19.93,physionet2016
physionet_e00651,data/processed/audio/physionet_e00651.wav,murmur,train,27.08,physionet2016
physionet_e00652,data/processed/audio/physionet_e00652.wav,murmur,train,15.18,physionet2016
physionet_e00653,data/processed/audio/physionet_e00653.wav,murmur,test,32.24,physionet2016
physionet_e00654,data/processed/audio/physionet_e00654.wav,murmur,train,21.9,physionet2016
physionet_e00655,data/processed/audio/physionet_e00655.wav,murmur,train,36.34,physionet2016
physionet_e00656,data/processed/audio/physionet_e00656.wav,murmur,test,10.97,physionet2016
physionet_e00657,data/processed/audio/physionet_e00657.wav,normal,train,20.06,physionet2016
physionet_e00658,data/processed/audio/physionet_e00658.wav,murmur,train,30.68,physionet2016
physionet_e00659,data/processed/audio/physionet_e00659.wav,murmur,train,24.17,physionet2016
physionet_e00660,data/processed/audio/physionet_e00660.wav,murmur,val,26.39,physionet2016
physionet_e00661,data/processed/audio/physionet_e00661.wav,murmur,train,29.32,physionet2016
physionet_e00662,data/processed/audio/physionet_e00662.wav,murmur,test,9.44,physionet2016
physionet_e00663,data/processed/audio/physionet_e00663.wav,murmur,train,39.19,physionet2016
physionet_e00664,data/processed/audio/physionet_e00664.wav,murmur,train,19.05,physionet2016
physionet_e00665,data/processed/audio/physionet_e00665.wav,murmur,val,26.89,physionet2016
physionet_e00666,data/processed/audio/physionet_e00666.wav,murmur,val,18.16,physionet2016
physionet_e00667,data/processed/audio/physionet_e00667.wav,murmur,train,23.3,physionet2016
physionet_e00668,data/processed/audio/physionet_e00668.wav,murmur,train,41.16,physionet2016
physionet_e00669,data/processed/audio/physionet_e00669.wav,murmur,val,25.25,physionet2016
physionet_e00670,data/processed/audio/physionet_e00670.wav,normal,train,10.84,physionet2016
physionet_e00671,data/processed/audio/physionet_e00671.wav,murmur,train,23.48,physionet2016
physionet_e00672,data/processed/audio/physionet_e00672.wav,murmur,val,44.93,physionet2016
physionet_e00673,data/processed/audio/physionet_e00673.wav,murmur,train,8.95,physionet2016
physionet_e00674,data/processed/audio/physionet_e00674.wav,murmur,train,18.38,physionet2016
physionet_e00675,data/processed/audio/physionet_e00675.wav,murmur,train,23.13,physionet2016
physionet_e00676,data/processed/audio/physionet_e00676.wav,murmur,train,19.69,physionet2016
physionet_e00677,data/processed/audio/physionet_e00677.wav,murmur,train,9.92,physionet2016
physionet_e00678,data/processed/audio/physionet_e00678.wav,murmur,train,21.18,physionet2016
physionet_e00679,data/processed/audio/physionet_e00679.wav,murmur,train,15.59,physionet2016
physionet_e00680,data/processed/audio/physionet_e00680.wav,murmur,train,10.27,physionet2016
physionet_e00681,data/processed/audio/physionet_e00681.wav,murmur,test,19.31,physionet2016
physionet_e00682,data/processed/audio/physionet_e00682.wav,murmur,train,27.19,physionet2016
physionet_e00683,data/processed/audio/physionet_e00683.wav,murmur,train,19.75,physionet2016
physionet_e00684,data/processed/audio/physionet_e00684.wav,murmur,train,26.77,physionet2016
physionet_e00685,data/processed/audio/physionet_e00685.wav,murmur,test,34.31,physionet2016
physionet_e00686,data/processed/audio/physionet_e00686.wav,murmur,val,19.18,physionet2016
physionet_e00687,data/processed/audio/physionet_e00687.wav,murmur,val,19.72,physionet2016
physionet_e00688,data/processed/audio/physionet_e00688.wav,murmur,train,25.33,physionet2016
physionet_e00689,data/processed/audio/physionet_e00689.wav,murmur,train,8.34,physionet2016
physionet_e00690,data/processed/audio/physionet_e00690.wav,murmur,train,16.74,physionet2016
physionet_e00691,data/processed/audio/physionet_e00691.wav,murmur,train,41.26,physionet2016
physionet_e00692,data/processed/audio/physionet_e00692.wav,murmur,train,26.99,physionet2016
physionet_e00693,data/processed/audio/physionet_e00693.wav,normal,train,19.32,physionet2016
physionet_e00694,data/processed/audio/physionet_e00694.wav,murmur,test,22.8,physionet2016
physionet_e00695,data/processed/audio/physionet_e00695.wav,murmur,test,20.28,physionet2016
physionet_e00696,data/processed/audio/physionet_e00696.wav,murmur,train,27.77,physionet2016
physionet_e00697,data/processed/audio/physionet_e00697.wav,murmur,train,20.3,physionet2016
physionet_e00698,data/processed/audio/physionet_e00698.wav,murmur,train,10.69,physionet2016
physionet_e00699,data/processed/audio/physionet_e00699.wav,normal,train,14.98,physionet2016
physionet_e00700,data/processed/audio/physionet_e00700.wav,murmur,train,19.88,physionet2016
physionet_e00701,data/processed/audio/physionet_e00701.wav,murmur,test,17.81,physionet2016
physionet_e00702,data/processed/audio/physionet_e00702.wav,murmur,test,29.92,physionet2016
physionet_e00703,data/processed/audio/physionet_e00703.wav,normal,train,12.21,physionet2016
physionet_e00704,data/processed/audio/physionet_e00704.wav,murmur,train,13.97,physionet2016
physionet_e00705,data/processed/audio/physionet_e00705.wav,murmur,train,34.02,physionet2016
physionet_e00706,data/processed/audio/physionet_e00706.wav,murmur,train,21.95,physionet2016
physionet_e00707,data/processed/audio/physionet_e00707.wav,murmur,test,24.2,physionet2016
physionet_e00708,data/processed/audio/physionet_e00708.wav,murmur,train,26.98,physionet2016
physionet_e00709,data/processed/audio/physionet_e00709.wav,murmur,train,19.98,physionet2016
physionet_e00710,data/processed/audio/physionet_e00710.wav,murmur,train,15.56,physionet2016
physionet_e00711,data/processed/audio/physionet_e00711.wav,murmur,val,19.37,physionet2016
physionet_e00712,data/processed/audio/physionet_e00712.wav,murmur,test,20.24,physionet2016
physionet_e00713,data/processed/audio/physionet_e00713.wav,normal,train,23.59,physionet2016
physionet_e00714,data/processed/audio/physionet_e00714.wav,murmur,test,12.29,physionet2016
physionet_e00715,data/processed/audio/physionet_e00715.wav,murmur,train,24.61,physionet2016
physionet_e00716,data/processed/audio/physionet_e00716.wav,murmur,train,15.47,physionet2016
physionet_e00717,data/processed/audio/physionet_e00717.wav,murmur,train,19.72,physionet2016
physionet_e00718,data/processed/audio/physionet_e00718.wav,murmur,train,17.64,physionet2016
physionet_e00719,data/processed/audio/physionet_e00719.wav,murmur,train,17.08,physionet2016
physionet_e00720,data/processed/audio/physionet_e00720.wav,murmur,train,23.66,physionet2016
physionet_e00721,data/processed/audio/physionet_e00721.wav,murmur,train,16.89,physionet2016
physionet_e00722,data/processed/audio/physionet_e00722.wav,murmur,train,13.29,physionet2016
physionet_e00723,data/processed/audio/physionet_e00723.wav,murmur,train,25.44,physionet2016
physionet_e00724,data/processed/audio/physionet_e00724.wav,murmur,val,17.27,physionet2016
physionet_e00725,data/processed/audio/physionet_e00725.wav,murmur,train,29.59,physionet2016
physionet_e00726,data/processed/audio/physionet_e00726.wav,murmur,train,43.76,physionet2016
physionet_e00727,data/processed/audio/physionet_e00727.wav,murmur,train,48.8,physionet2016
physionet_e00728,data/processed/audio/physionet_e00728.wav,murmur,train,26.19,physionet2016
physionet_e00729,data/processed/audio/physionet_e00729.wav,murmur,train,20.43,physionet2016
physionet_e00730,data/processed/audio/physionet_e00730.wav,murmur,train,25.89,physionet2016
physionet_e00731,data/processed/audio/physionet_e00731.wav,normal,val,49.25,physionet2016
physionet_e00732,data/processed/audio/physionet_e00732.wav,murmur,train,40.1,physionet2016
physionet_e00733,data/processed/audio/physionet_e00733.wav,murmur,val,13.28,physionet2016
physionet_e00734,data/processed/audio/physionet_e00734.wav,murmur,train,27.23,physionet2016
physionet_e00735,data/processed/audio/physionet_e00735.wav,murmur,val,20.22,physionet2016
physionet_e00736,data/processed/audio/physionet_e00736.wav,murmur,train,21.6,physionet2016
physionet_e00737,data/processed/audio/physionet_e00737.wav,normal,train,22.71,physionet2016
physionet_e00738,data/processed/audio/physionet_e00738.wav,murmur,train,26.77,physionet2016
physionet_e00739,data/processed/audio/physionet_e00739.wav,murmur,train,17.56,physionet2016
physionet_e00740,data/processed/audio/physionet_e00740.wav,murmur,train,23.44,physionet2016
physionet_e00741,data/processed/audio/physionet_e00741.wav,murmur,test,16.26,physionet2016
physionet_e00742,data/processed/audio/physionet_e00742.wav,murmur,test,29.64,physionet2016
physionet_e00743,data/processed/audio/physionet_e00743.wav,murmur,train,19.46,physionet2016
physionet_e00744,data/processed/audio/physionet_e00744.wav,murmur,train,28.82,physionet2016
physionet_e00745,data/processed/audio/physionet_e00745.wav,murmur,train,23.87,physionet2016
physionet_e00746,data/processed/audio/physionet_e00746.wav,murmur,train,19.23,physionet2016
physionet_e00747,data/processed/audio/physionet_e00747.wav,murmur,train,17.19,physionet2016
physionet_e00748,data/processed/audio/physionet_e00748.wav,murmur,train,19.47,physionet2016
physionet_e00749,data/processed/audio/physionet_e00749.wav,murmur,test,15.15,physionet2016
physionet_e00750,data/processed/audio/physionet_e00750.wav,murmur,val,19.28,physionet2016
physionet_e00751,data/processed/audio/physionet_e00751.wav,murmur,val,19.16,physionet2016
physionet_e00752,data/processed/audio/physionet_e00752.wav,murmur,test,33.33,physionet2016
physionet_e00753,data/processed/audio/physionet_e00753.wav,murmur,test,9.65,physionet2016
physionet_e00754,data/processed/audio/physionet_e00754.wav,murmur,test,39.05,physionet2016
physionet_e00755,data/processed/audio/physionet_e00755.wav,murmur,train,37.47,physionet2016
physionet_e00756,data/processed/audio/physionet_e00756.wav,murmur,test,39.14,physionet2016
physionet_e00757,data/processed/audio/physionet_e00757.wav,murmur,train,31.93,physionet2016
physionet_e00758,data/processed/audio/physionet_e00758.wav,murmur,train,31.18,physionet2016
physionet_e00759,data/processed/audio/physionet_e00759.wav,murmur,train,19.54,physionet2016
physionet_e00760,data/processed/audio/physionet_e00760.wav,murmur,train,24.98,physionet2016
physionet_e00761,data/processed/audio/physionet_e00761.wav,murmur,val,18.97,physionet2016
physionet_e00762,data/processed/audio/physionet_e00762.wav,murmur,train,19.0,physionet2016
physionet_e00763,data/processed/audio/physionet_e00763.wav,murmur,train,25.84,physionet2016
physionet_e00764,data/processed/audio/physionet_e00764.wav,murmur,train,15.68,physionet2016
physionet_e00765,data/processed/audio/physionet_e00765.wav,murmur,train,19.41,physionet2016
physionet_e00766,data/processed/audio/physionet_e00766.wav,normal,train,20.34,physionet2016
physionet_e00767,data/processed/audio/physionet_e00767.wav,murmur,train,21.99,physionet2016
physionet_e00768,data/processed/audio/physionet_e00768.wav,murmur,test,17.36,physionet2016
physionet_e00769,data/processed/audio/physionet_e00769.wav,murmur,train,34.31,physionet2016
physionet_e00770,data/processed/audio/physionet_e00770.wav,murmur,val,24.93,physionet2016
physionet_e00771,data/processed/audio/physionet_e00771.wav,murmur,train,39.12,physionet2016
physionet_e00772,data/processed/audio/physionet_e00772.wav,murmur,train,20.11,physionet2016
physionet_e00773,data/processed/audio/physionet_e00773.wav,murmur,train,21.59,physionet2016
physionet_e00774,data/processed/audio/physionet_e00774.wav,murmur,train,12.31,physionet2016
physionet_e00775,data/processed/audio/physionet_e00775.wav,murmur,train,21.12,physionet2016
physionet_e00776,data/processed/audio/physionet_e00776.wav,murmur,val,8.32,physionet2016
physionet_e00777,data/processed/audio/physionet_e00777.wav,murmur,train,21.46,physionet2016
physionet_e00778,data/processed/audio/physionet_e00778.wav,murmur,train,19.76,physionet2016
physionet_e00779,data/processed/audio/physionet_e00779.wav,murmur,train,31.06,physionet2016
physionet_e00780,data/processed/audio/physionet_e00780.wav,murmur,train,18.88,physionet2016
physionet_e00781,data/processed/audio/physionet_e00781.wav,murmur,val,20.13,physionet2016
physionet_e00782,data/processed/audio/physionet_e00782.wav,murmur,train,11.24,physionet2016
physionet_e00783,data/processed/audio/physionet_e00783.wav,murmur,val,26.45,physionet2016
physionet_e00784,data/processed/audio/physionet_e00784.wav,murmur,train,34.54,physionet2016
physionet_e00785,data/processed/audio/physionet_e00785.wav,murmur,train,21.27,physionet2016
physionet_e00786,data/processed/audio/physionet_e00786.wav,murmur,val,24.67,physionet2016
physionet_e00787,data/processed/audio/physionet_e00787.wav,murmur,test,47.06,physionet2016
physionet_e00788,data/processed/audio/physionet_e00788.wav,murmur,train,9.69,physionet2016
physionet_e00789,data/processed/audio/physionet_e00789.wav,murmur,train,13.43,physionet2016
physionet_e00790,data/processed/audio/physionet_e00790.wav,murmur,val,26.12,physionet2016
physionet_e00791,data/processed/audio/physionet_e00791.wav,murmur,train,38.3,physionet2016
physionet_e00792,data/processed/audio/physionet_e00792.wav,normal,train,23.22,physionet2016
physionet_e00793,data/processed/audio/physionet_e00793.wav,murmur,train,24.68,physionet2016
physionet_e00794,data/processed/audio/physionet_e00794.wav,murmur,train,16.55,physionet2016
physionet_e00795,data/processed/audio/physionet_e00795.wav,murmur,train,16.41,physionet2016
physionet_e00796,data/processed/audio/physionet_e00796.wav,murmur,train,18.78,physionet2016
physionet_e00797,data/processed/audio/physionet_e00797.wav,murmur,val,23.2,physionet2016
physionet_e00798,data/processed/audio/physionet_e00798.wav,murmur,train,10.14,physionet2016
physionet_e00799,data/processed/audio/physionet_e00799.wav,murmur,train,13.47,physionet2016
physionet_e00800,data/processed/audio/physionet_e00800.wav,murmur,train,35.4,physionet2016
physionet_e00801,data/processed/audio/physionet_e00801.wav,murmur,train,15.96,physionet2016
physionet_e00802,data/processed/audio/physionet_e00802.wav,murmur,train,17.98,physionet2016
physionet_e00803,data/processed/audio/physionet_e00803.wav,murmur,train,18.42,physionet2016
physionet_e00804,data/processed/audio/physionet_e00804.wav,murmur,train,27.83,physionet2016
physionet_e00805,data/processed/audio/physionet_e00805.wav,murmur,test,30.12,physionet2016
physionet_e00806,data/processed/audio/physionet_e00806.wav,murmur,train,22.73,physionet2016
physionet_e00807,data/processed/audio/physionet_e00807.wav,murmur,train,10.58,physionet2016
physionet_e00808,data/processed/audio/physionet_e00808.wav,murmur,train,12.64,physionet2016
physionet_e00809,data/processed/audio/physionet_e00809.wav,murmur,train,17.38,physionet2016
physionet_e00810,data/processed/audio/physionet_e00810.wav,murmur,train,28.02,physionet2016
physionet_e00811,data/processed/audio/physionet_e00811.wav,normal,train,22.8,physionet2016
physionet_e00812,data/processed/audio/physionet_e00812.wav,normal,train,23.78,physionet2016
physionet_e00813,data/processed/audio/physionet_e00813.wav,murmur,test,14.15,physionet2016
physionet_e00814,data/processed/audio/physionet_e00814.wav,murmur,train,19.34,physionet2016
physionet_e00815,data/processed/audio/physionet_e00815.wav,murmur,test,22.14,physionet2016
physionet_e00816,data/processed/audio/physionet_e00816.wav,murmur,train,15.86,physionet2016
physionet_e00817,data/processed/audio/physionet_e00817.wav,murmur,train,26.24,physionet2016
physionet_e00818,data/processed/audio/physionet_e00818.wav,murmur,val,18.59,physionet2016
physionet_e00819,data/processed/audio/physionet_e00819.wav,murmur,train,9.95,physionet2016
physionet_e00820,data/processed/audio/physionet_e00820.wav,murmur,test,26.94,physionet2016
physionet_e00821,data/processed/audio/physionet_e00821.wav,murmur,val,19.84,physionet2016
physionet_e00822,data/processed/audio/physionet_e00822.wav,murmur,val,21.63,physionet2016
physionet_e00823,data/processed/audio/physionet_e00823.wav,murmur,val,13.03,physionet2016
physionet_e00824,data/processed/audio/physionet_e00824.wav,normal,test,20.02,physionet2016
physionet_e00825,data/processed/audio/physionet_e00825.wav,murmur,train,28.18,physionet2016
physionet_e00826,data/processed/audio/physionet_e00826.wav,murmur,train,47.51,physionet2016
physionet_e00827,data/processed/audio/physionet_e00827.wav,murmur,val,28.56,physionet2016
physionet_e00828,data/processed/audio/physionet_e00828.wav,murmur,train,56.13,physionet2016
physionet_e00829,data/processed/audio/physionet_e00829.wav,murmur,train,17.97,physionet2016
physionet_e00830,data/processed/audio/physionet_e00830.wav,murmur,test,23.14,physionet2016
physionet_e00831,data/processed/audio/physionet_e00831.wav,murmur,test,14.81,physionet2016
physionet_e00832,data/processed/audio/physionet_e00832.wav,murmur,train,21.4,physionet2016
physionet_e00833,data/processed/audio/physionet_e00833.wav,murmur,train,28.49,physionet2016
physionet_e00834,data/processed/audio/physionet_e00834.wav,murmur,test,35.45,physionet2016
physionet_e00835,data/processed/audio/physionet_e00835.wav,murmur,val,35.73,physionet2016
physionet_e00836,data/processed/audio/physionet_e00836.wav,murmur,train,21.24,physionet2016
physionet_e00837,data/processed/audio/physionet_e00837.wav,murmur,train,18.89,physionet2016
physionet_e00838,data/processed/audio/physionet_e00838.wav,murmur,test,28.24,physionet2016
physionet_e00839,data/processed/audio/physionet_e00839.wav,murmur,train,18.02,physionet2016
physionet_e00840,data/processed/audio/physionet_e00840.wav,murmur,train,19.89,physionet2016
physionet_e00841,data/processed/audio/physionet_e00841.wav,normal,val,21.08,physionet2016
physionet_e00842,data/processed/audio/physionet_e00842.wav,murmur,val,59.69,physionet2016
physionet_e00843,data/processed/audio/physionet_e00843.wav,murmur,val,18.84,physionet2016
physionet_e00844,data/processed/audio/physionet_e00844.wav,murmur,val,11.06,physionet2016
physionet_e00845,data/processed/audio/physionet_e00845.wav,murmur,train,47.57,physionet2016
physionet_e00846,data/processed/audio/physionet_e00846.wav,murmur,train,10.58,physionet2016
physionet_e00847,data/processed/audio/physionet_e00847.wav,normal,train,13.68,physionet2016
physionet_e00848,data/processed/audio/physionet_e00848.wav,murmur,train,26.73,physionet2016
physionet_e00849,data/processed/audio/physionet_e00849.wav,murmur,train,22.66,physionet2016
physionet_e00850,data/processed/audio/physionet_e00850.wav,murmur,train,23.7,physionet2016
physionet_e00851,data/processed/audio/physionet_e00851.wav,murmur,train,26.94,physionet2016
physionet_e00852,data/processed/audio/physionet_e00852.wav,murmur,train,23.7,physionet2016
physionet_e00853,data/processed/audio/physionet_e00853.wav,murmur,train,26.95,physionet2016
physionet_e00854,data/processed/audio/physionet_e00854.wav,murmur,train,10.16,physionet2016
physionet_e00855,data/processed/audio/physionet_e00855.wav,murmur,train,19.76,physionet2016
physionet_e00856,data/processed/audio/physionet_e00856.wav,murmur,train,12.46,physionet2016
physionet_e00857,data/processed/audio/physionet_e00857.wav,murmur,train,53.72,physionet2016
physionet_e00858,data/processed/audio/physionet_e00858.wav,murmur,train,9.1,physionet2016
physionet_e00859,data/processed/audio/physionet_e00859.wav,murmur,train,50.33,physionet2016
physionet_e00860,data/processed/audio/physionet_e00860.wav,murmur,train,99.2,physionet2016
physionet_e00861,data/processed/audio/physionet_e00861.wav,murmur,train,40.31,physionet2016
physionet_e00862,data/processed/audio/physionet_e00862.wav,murmur,train,23.92,physionet2016
physionet_e00863,data/processed/audio/physionet_e00863.wav,murmur,train,25.45,physionet2016
physionet_e00864,data/processed/audio/physionet_e00864.wav,murmur,train,21.05,physionet2016
physionet_e00865,data/processed/audio/physionet_e00865.wav,murmur,train,21.5,physionet2016
physionet_e00866,data/processed/audio/physionet_e00866.wav,murmur,test,21.18,physionet2016
physionet_e00867,data/processed/audio/physionet_e00867.wav,murmur,train,15.66,physionet2016
physionet_e00868,data/processed/audio/physionet_e00868.wav,murmur,train,22.45,physionet2016
physionet_e00869,data/processed/audio/physionet_e00869.wav,murmur,test,16.49,physionet2016
physionet_e00870,data/processed/audio/physionet_e00870.wav,murmur,val,16.44,physionet2016
physionet_e00871,data/processed/audio/physionet_e00871.wav,normal,test,12.17,physionet2016
physionet_e00872,data/processed/audio/physionet_e00872.wav,murmur,train,18.08,physionet2016
physionet_e00873,data/processed/audio/physionet_e00873.wav,murmur,val,21.93,physionet2016
physionet_e00874,data/processed/audio/physionet_e00874.wav,murmur,train,22.01,physionet2016
physionet_e00875,data/processed/audio/physionet_e00875.wav,murmur,val,25.81,physionet2016
physionet_e00876,data/processed/audio/physionet_e00876.wav,murmur,val,22.2,physionet2016
physionet_e00877,data/processed/audio/physionet_e00877.wav,murmur,train,22.69,physionet2016
physionet_e00878,data/processed/audio/physionet_e00878.wav,murmur,train,11.69,physionet2016
physionet_e00879,data/processed/audio/physionet_e00879.wav,murmur,train,12.47,physionet2016
physionet_e00880,data/processed/audio/physionet_e00880.wav,normal,train,16.05,physionet2016
physionet_e00881,data/processed/audio/physionet_e00881.wav,murmur,test,23.02,physionet2016
physionet_e00882,data/processed/audio/physionet_e00882.wav,murmur,val,26.51,physionet2016
physionet_e00883,data/processed/audio/physionet_e00883.wav,murmur,train,24.07,physionet2016
physionet_e00884,data/processed/audio/physionet_e00884.wav,murmur,train,27.25,physionet2016
physionet_e00885,data/processed/audio/physionet_e00885.wav,murmur,train,21.5,physionet2016
physionet_e00886,data/processed/audio/physionet_e00886.wav,murmur,train,26.34,physionet2016
physionet_e00887,data/processed/audio/physionet_e00887.wav,murmur,val,25.57,physionet2016
physionet_e00888,data/processed/audio/physionet_e00888.wav,murmur,train,17.2,physionet2016
physionet_e00889,data/processed/audio/physionet_e00889.wav,murmur,test,29.67,physionet2016
physionet_e00890,data/processed/audio/physionet_e00890.wav,murmur,train,29.83,physionet2016
physionet_e00891,data/processed/audio/physionet_e00891.wav,murmur,train,23.98,physionet2016
physionet_e00892,data/processed/audio/physionet_e00892.wav,murmur,train,12.3,physionet2016
physionet_e00893,data/processed/audio/physionet_e00893.wav,murmur,train,17.73,physionet2016
physionet_e00894,data/processed/audio/physionet_e00894.wav,murmur,train,29.27,physionet2016
physionet_e00895,data/processed/audio/physionet_e00895.wav,murmur,train,26.49,physionet2016
physionet_e00896,data/processed/audio/physionet_e00896.wav,murmur,train,35.13,physionet2016
physionet_e00897,data/processed/audio/physionet_e00897.wav,murmur,train,32.5,physionet2016
physionet_e00898,data/processed/audio/physionet_e00898.wav,murmur,val,29.0,physionet2016
physionet_e00899,data/processed/audio/physionet_e00899.wav,murmur,test,39.07,physionet2016
physionet_e00900,data/processed/audio/physionet_e00900.wav,murmur,train,9.46,physionet2016
physionet_e00901,data/processed/audio/physionet_e00901.wav,murmur,train,17.96,physionet2016
physionet_e00902,data/processed/audio/physionet_e00902.wav,murmur,train,16.26,physionet2016
physionet_e00903,data/processed/audio/physionet_e00903.wav,murmur,train,18.85,physionet2016
physionet_e00904,data/processed/audio/physionet_e00904.wav,murmur,val,16.98,physionet2016
physionet_e00905,data/processed/audio/physionet_e00905.wav,murmur,val,25.75,physionet2016
physionet_e00906,data/processed/audio/physionet_e00906.wav,murmur,train,9.49,physionet2016
physionet_e00907,data/processed/audio/physionet_e00907.wav,murmur,train,10.97,physionet2016
physionet_e00908,data/processed/audio/physionet_e00908.wav,murmur,val,12.01,physionet2016
physionet_e00909,data/processed/audio/physionet_e00909.wav,murmur,val,36.91,physionet2016
physionet_e00910,data/processed/audio/physionet_e00910.wav,murmur,train,29.0,physionet2016
physionet_e00911,data/processed/audio/physionet_e00911.wav,murmur,train,17.82,physionet2016
physionet_e00912,data/processed/audio/physionet_e00912.wav,murmur,train,21.91,physionet2016
physionet_e00913,data/processed/audio/physionet_e00913.wav,murmur,train,17.73,physionet2016
physionet_e00914,data/processed/audio/physionet_e00914.wav,murmur,train,15.81,physionet2016
physionet_e00915,data/processed/audio/physionet_e00915.wav,murmur,train,22.14,physionet2016
physionet_e00916,data/processed/audio/physionet_e00916.wav,murmur,train,18.6,physionet2016
physionet_e00917,data/processed/audio/physionet_e00917.wav,normal,train,9.96,physionet2016
physionet_e00918,data/processed/audio/physionet_e00918.wav,murmur,train,28.49,physionet2016
physionet_e00919,data/processed/audio/physionet_e00919.wav,murmur,val,12.67,physionet2016
physionet_e00920,data/processed/audio/physionet_e00920.wav,murmur,train,18.9,physionet2016
physionet_e00921,data/processed/audio/physionet_e00921.wav,normal,val,40.54,physionet2016
physionet_e00922,data/processed/audio/physionet_e00922.wav,murmur,train,9.93,physionet2016
physionet_e00923,data/processed/audio/physionet_e00923.wav,murmur,test,11.62,physionet2016
physionet_e00924,data/processed/audio/physionet_e00924.wav,normal,train,30.75,physionet2016
physionet_e00925,data/processed/audio/physionet_e00925.wav,normal,val,21.87,physionet2016
physionet_e00926,data/processed/audio/physionet_e00926.wav,murmur,val,22.71,physionet2016
physionet_e00927,data/processed/audio/physionet_e00927.wav,murmur,train,12.33,physionet2016
physionet_e00928,data/processed/audio/physionet_e00928.wav,murmur,test,9.26,physionet2016
physionet_e00929,data/processed/audio/physionet_e00929.wav,normal,val,10.19,physionet2016
physionet_e00930,data/processed/audio/physionet_e00930.wav,murmur,train,16.67,physionet2016
physionet_e00931,data/processed/audio/physionet_e00931.wav,murmur,train,24.34,physionet2016
physionet_e00932,data/processed/audio/physionet_e00932.wav,murmur,val,24.85,physionet2016
physionet_e00933,data/processed/audio/physionet_e00933.wav,murmur,train,16.63,physionet2016
physionet_e00934,data/processed/audio/physionet_e00934.wav,murmur,train,27.07,physionet2016
physionet_e00935,data/processed/audio/physionet_e00935.wav,normal,train,16.56,physionet2016
physionet_e00936,data/processed/audio/physionet_e00936.wav,normal,train,11.91,physionet2016
physionet_e00937,data/processed/audio/physionet_e00937.wav,murmur,train,20.61,physionet2016
physionet_e00938,data/processed/audio/physionet_e00938.wav,murmur,train,27.62,physionet2016
physionet_e00939,data/processed/audio/physionet_e00939.wav,murmur,train,22.04,physionet2016
physionet_e00940,data/processed/audio/physionet_e00940.wav,murmur,train,12.04,physionet2016
physionet_e00941,data/processed/audio/physionet_e00941.wav,murmur,val,25.59,physionet2016
physionet_e00942,data/processed/audio/physionet_e00942.wav,murmur,train,28.27,physionet2016
physionet_e00943,data/processed/audio/physionet_e00943.wav,murmur,test,20.48,physionet2016
physionet_e00944,data/processed/audio/physionet_e00944.wav,murmur,train,15.95,physionet2016
physionet_e00945,data/processed/audio/physionet_e00945.wav,murmur,test,37.2,physionet2016
physionet_e00946,data/processed/audio/physionet_e00946.wav,murmur,val,23.8,physionet2016
physionet_e00947,data/processed/audio/physionet_e00947.wav,murmur,test,8.96,physionet2016
physionet_e00948,data/processed/audio/physionet_e00948.wav,murmur,train,17.42,physionet2016
physionet_e00949,data/processed/audio/physionet_e00949.wav,murmur,train,21.28,physionet2016
physionet_e00950,data/processed/audio/physionet_e00950.wav,murmur,train,18.34,physionet2016
physionet_e00951,data/processed/audio/physionet_e00951.wav,murmur,train,24.55,physionet2016
physionet_e00952,data/processed/audio/physionet_e00952.wav,murmur,val,8.63,physionet2016
physionet_e00953,data/processed/audio/physionet_e00953.wav,murmur,train,89.27,physionet2016
physionet_e00954,data/processed/audio/physionet_e00954.wav,murmur,train,10.72,physionet2016
physionet_e00955,data/processed/audio/physionet_e00955.wav,murmur,train,20.26,physionet2016
physionet_e00956,data/processed/audio/physionet_e00956.wav,murmur,test,19.15,physionet2016
physionet_e00957,data/processed/audio/physionet_e00957.wav,murmur,train,38.1,physionet2016
physionet_e00958,data/processed/audio/physionet_e00958.wav,murmur,val,19.55,physionet2016
physionet_e00959,data/processed/audio/physionet_e00959.wav,murmur,train,9.55,physionet2016
physionet_e00960,data/processed/audio/physionet_e00960.wav,murmur,train,21.38,physionet2016
physionet_e00961,data/processed/audio/physionet_e00961.wav,murmur,train,36.1,physionet2016
physionet_e00962,data/processed/audio/physionet_e00962.wav,murmur,train,27.19,physionet2016
physionet_e00963,data/processed/audio/physionet_e00963.wav,murmur,train,27.47,physionet2016
physionet_e00964,data/processed/audio/physionet_e00964.wav,murmur,train,42.21,physionet2016
physionet_e00965,data/processed/audio/physionet_e00965.wav,murmur,val,12.68,physionet2016
physionet_e00966,data/processed/audio/physionet_e00966.wav,murmur,train,24.02,physionet2016
physionet_e00967,data/processed/audio/physionet_e00967.wav,normal,train,9.13,physionet2016
physionet_e00968,data/processed/audio/physionet_e00968.wav,murmur,train,17.23,physionet2016
physionet_e00969,data/processed/audio/physionet_e00969.wav,murmur,test,19.32,physionet2016
physionet_e00970,data/processed/audio/physionet_e00970.wav,murmur,train,38.74,physionet2016
physionet_e00971,data/processed/audio/physionet_e00971.wav,murmur,train,33.6,physionet2016
physionet_e00972,data/processed/audio/physionet_e00972.wav,murmur,val,22.91,physionet2016
physionet_e00973,data/processed/audio/physionet_e00973.wav,murmur,train,41.59,physionet2016
physionet_e00974,data/processed/audio/physionet_e00974.wav,murmur,train,29.32,physionet2016
physionet_e00975,data/processed/audio/physionet_e00975.wav,murmur,train,16.31,physionet2016
physionet_e00976,data/processed/audio/physionet_e00976.wav,murmur,test,19.95,physionet2016
physionet_e00977,data/processed/audio/physionet_e00977.wav,murmur,val,26.75,physionet2016
physionet_e00978,data/processed/audio/physionet_e00978.wav,murmur,train,26.45,physionet2016
physionet_e00979,data/processed/audio/physionet_e00979.wav,murmur,val,39.21,physionet2016
physionet_e00980,data/processed/audio/physionet_e00980.wav,normal,test,16.95,physionet2016
physionet_e00981,data/processed/audio/physionet_e00981.wav,murmur,train,37.62,physionet2016
physionet_e00982,data/processed/audio/physionet_e00982.wav,murmur,train,26.06,physionet2016
physionet_e00983,data/processed/audio/physionet_e00983.wav,murmur,train,18.25,physionet2016
physionet_e00984,data/processed/audio/physionet_e00984.wav,murmur,test,8.63,physionet2016
physionet_e00985,data/processed/audio/physionet_e00985.wav,murmur,train,16.27,physionet2016
physionet_e00986,data/processed/audio/physionet_e00986.wav,murmur,train,15.83,physionet2016
physionet_e00987,data/processed/audio/physionet_e00987.wav,murmur,test,17.44,physionet2016
physionet_e00988,data/processed/audio/physionet_e00988.wav,murmur,train,11.57,physionet2016
physionet_e00989,data/processed/audio/physionet_e00989.wav,murmur,train,15.48,physionet2016
physionet_e00990,data/processed/audio/physionet_e00990.wav,murmur,train,17.71,physionet2016
physionet_e00991,data/processed/audio/physionet_e00991.wav,murmur,train,13.41,physionet2016
physionet_e00992,data/processed/audio/physionet_e00992.wav,murmur,test,48.21,physionet2016
physionet_e00993,data/processed/audio/physionet_e00993.wav,murmur,train,19.84,physionet2016
physionet_e00994,data/processed/audio/physionet_e00994.wav,murmur,train,8.27,physionet2016
physionet_e00995,data/processed/audio/physionet_e00995.wav,murmur,train,20.44,physionet2016
physionet_e00996,data/processed/audio/physionet_e00996.wav,murmur,val,12.91,physionet2016
physionet_e00997,data/processed/audio/physionet_e00997.wav,murmur,train,26.36,physionet2016
physionet_e00998,data/processed/audio/physionet_e00998.wav,normal,val,21.71,physionet2016
physionet_e00999,data/processed/audio/physionet_e00999.wav,murmur,train,30.58,physionet2016
physionet_e01000,data/processed/audio/physionet_e01000.wav,murmur,train,17.77,physionet2016
physionet_e01001,data/processed/audio/physionet_e01001.wav,murmur,test,28.02,physionet2016
physionet_e01002,data/processed/audio/physionet_e01002.wav,murmur,train,19.16,physionet2016
physionet_e01003,data/processed/audio/physionet_e01003.wav,murmur,train,50.12,physionet2016
physionet_e01004,data/processed/audio/physionet_e01004.wav,murmur,train,15.11,physionet2016
physionet_e01005,data/processed/audio/physionet_e01005.wav,murmur,train,21.35,physionet2016
physionet_e01006,data/processed/audio/physionet_e01006.wav,murmur,val,20.38,physionet2016
physionet_e01007,data/processed/audio/physionet_e01007.wav,murmur,val,8.12,physionet2016
physionet_e01008,data/processed/audio/physionet_e01008.wav,murmur,train,37.23,physionet2016
physionet_e01009,data/processed/audio/physionet_e01009.wav,murmur,test,26.92,physionet2016
physionet_e01010,data/processed/audio/physionet_e01010.wav,murmur,test,93.73,physionet2016
physionet_e01011,data/processed/audio/physionet_e01011.wav,murmur,train,11.07,physionet2016
physionet_e01012,data/processed/audio/physionet_e01012.wav,murmur,train,10.61,physionet2016
physionet_e01013,data/processed/audio/physionet_e01013.wav,normal,val,21.55,physionet2016
physionet_e01014,data/processed/audio/physionet_e01014.wav,murmur,test,18.29,physionet2016
physionet_e01015,data/processed/audio/physionet_e01015.wav,murmur,val,41.48,physionet2016
physionet_e01016,data/processed/audio/physionet_e01016.wav,normal,train,22.94,physionet2016
physionet_e01017,data/processed/audio/physionet_e01017.wav,murmur,train,16.12,physionet2016
physionet_e01018,data/processed/audio/physionet_e01018.wav,murmur,train,28.01,physionet2016
physionet_e01019,data/processed/audio/physionet_e01019.wav,murmur,train,17.34,physionet2016
physionet_e01020,data/processed/audio/physionet_e01020.wav,murmur,train,21.26,physionet2016
physionet_e01021,data/processed/audio/physionet_e01021.wav,murmur,val,37.65,physionet2016
physionet_e01022,data/processed/audio/physionet_e01022.wav,murmur,train,9.63,physionet2016
physionet_e01023,data/processed/audio/physionet_e01023.wav,murmur,train,30.36,physionet2016
physionet_e01024,data/processed/audio/physionet_e01024.wav,murmur,train,24.43,physionet2016
physionet_e01025,data/processed/audio/physionet_e01025.wav,murmur,test,9.08,physionet2016
physionet_e01026,data/processed/audio/physionet_e01026.wav,murmur,train,22.02,physionet2016
physionet_e01027,data/processed/audio/physionet_e01027.wav,murmur,train,20.67,physionet2016
physionet_e01028,data/processed/audio/physionet_e01028.wav,murmur,test,19.51,physionet2016
physionet_e01029,data/processed/audio/physionet_e01029.wav,murmur,train,16.3,physionet2016
physionet_e01030,data/processed/audio/physionet_e01030.wav,murmur,train,50.23,physionet2016
physionet_e01031,data/processed/audio/physionet_e01031.wav,murmur,train,21.79,physionet2016
physionet_e01032,data/processed/audio/physionet_e01032.wav,murmur,train,16.46,physionet2016
physionet_e01033,data/processed/audio/physionet_e01033.wav,murmur,train,12.69,physionet2016
physionet_e01034,data/processed/audio/physionet_e01034.wav,murmur,train,22.65,physionet2016
physionet_e01035,data/processed/audio/physionet_e01035.wav,murmur,train,23.94,physionet2016
physionet_e01036,data/processed/audio/physionet_e01036.wav,murmur,train,46.61,physionet2016
physionet_e01037,data/processed/audio/physionet_e01037.wav,murmur,train,23.5,physionet2016
physionet_e01038,data/processed/audio/physionet_e01038.wav,murmur,train,22.15,physionet2016
physionet_e01039,data/processed/audio/physionet_e01039.wav,murmur,train,40.87,physionet2016
physionet_e01040,data/processed/audio/physionet_e01040.wav,murmur,val,21.16,physionet2016
physionet_e01041,data/processed/audio/physionet_e01041.wav,murmur,train,29.22,physionet2016
physionet_e01042,data/processed/audio/physionet_e01042.wav,murmur,train,29.86,physionet2016
physionet_e01043,data/processed/audio/physionet_e01043.wav,murmur,val,26.9,physionet2016
physionet_e01044,data/processed/audio/physionet_e01044.wav,murmur,train,12.11,physionet2016
physionet_e01045,data/processed/audio/physionet_e01045.wav,murmur,test,45.17,physionet2016
physionet_e01046,data/processed/audio/physionet_e01046.wav,murmur,train,13.66,physionet2016
physionet_e01047,data/processed/audio/physionet_e01047.wav,murmur,train,12.22,physionet2016
physionet_e01048,data/processed/audio/physionet_e01048.wav,murmur,train,28.64,physionet2016
physionet_e01049,data/processed/audio/physionet_e01049.wav,murmur,val,28.55,physionet2016
physionet_e01050,data/processed/audio/physionet_e01050.wav,murmur,train,22.82,physionet2016
physionet_e01051,data/processed/audio/physionet_e01051.wav,murmur,train,23.01,physionet2016
physionet_e01052,data/processed/audio/physionet_e01052.wav,murmur,train,25.76,physionet2016
physionet_e01053,data/processed/audio/physionet_e01053.wav,murmur,train,32.6,physionet2016
physionet_e01054,data/processed/audio/physionet_e01054.wav,murmur,train,24.91,physionet2016
physionet_e01055,data/processed/audio/physionet_e01055.wav,normal,train,13.75,physionet2016
physionet_e01056,data/processed/audio/physionet_e01056.wav,murmur,val,17.62,physionet2016
physionet_e01057,data/processed/audio/physionet_e01057.wav,murmur,train,14.95,physionet2016
physionet_e01058,data/processed/audio/physionet_e01058.wav,murmur,train,28.0,physionet2016
physionet_e01059,data/processed/audio/physionet_e01059.wav,murmur,train,22.25,physionet2016
physionet_e01060,data/processed/audio/physionet_e01060.wav,murmur,train,19.31,physionet2016
physionet_e01061,data/processed/audio/physionet_e01061.wav,murmur,train,32.52,physionet2016
physionet_e01062,data/processed/audio/physionet_e01062.wav,normal,val,8.85,physionet2016
physionet_e01063,data/processed/audio/physionet_e01063.wav,murmur,train,24.63,physionet2016
physionet_e01064,data/processed/audio/physionet_e01064.wav,murmur,train,36.8,physionet2016
physionet_e01065,data/processed/audio/physionet_e01065.wav,murmur,test,37.62,physionet2016
physionet_e01066,data/processed/audio/physionet_e01066.wav,murmur,train,19.82,physionet2016
physionet_e01067,data/processed/audio/physionet_e01067.wav,murmur,val,21.98,physionet2016
physionet_e01068,data/processed/audio/physionet_e01068.wav,murmur,test,11.77,physionet2016
physionet_e01069,data/processed/audio/physionet_e01069.wav,murmur,train,11.06,physionet2016
physionet_e01070,data/processed/audio/physionet_e01070.wav,murmur,train,26.08,physionet2016
physionet_e01071,data/processed/audio/physionet_e01071.wav,murmur,train,21.68,physionet2016
physionet_e01072,data/processed/audio/physionet_e01072.wav,murmur,train,27.36,physionet2016
physionet_e01073,data/processed/audio/physionet_e01073.wav,murmur,train,15.66,physionet2016
physionet_e01074,data/processed/audio/physionet_e01074.wav,murmur,train,15.27,physionet2016
physionet_e01075,data/processed/audio/physionet_e01075.wav,murmur,train,9.23,physionet2016
physionet_e01076,data/processed/audio/physionet_e01076.wav,murmur,train,45.13,physionet2016
physionet_e01077,data/processed/audio/physionet_e01077.wav,murmur,train,46.0,physionet2016
physionet_e01078,data/processed/audio/physionet_e01078.wav,murmur,train,36.55,physionet2016
physionet_e01079,data/processed/audio/physionet_e01079.wav,murmur,train,19.46,physionet2016
physionet_e01080,data/processed/audio/physionet_e01080.wav,murmur,train,19.9,physionet2016
physionet_e01081,data/processed/audio/physionet_e01081.wav,murmur,train,18.8,physionet2016
physionet_e01082,data/processed/audio/physionet_e01082.wav,murmur,train,26.1,physionet2016
physionet_e01083,data/processed/audio/physionet_e01083.wav,murmur,val,38.24,physionet2016
physionet_e01084,data/processed/audio/physionet_e01084.wav,normal,train,12.98,physionet2016
physionet_e01085,data/processed/audio/physionet_e01085.wav,murmur,val,23.96,physionet2016
physionet_e01086,data/processed/audio/physionet_e01086.wav,murmur,train,23.62,physionet2016
physionet_e01087,data/processed/audio/physionet_e01087.wav,murmur,train,20.66,physionet2016
physionet_e01088,data/processed/audio/physionet_e01088.wav,murmur,train,10.47,physionet2016
physionet_e01089,data/processed/audio/physionet_e01089.wav,murmur,train,20.5,physionet2016
physionet_e01090,data/processed/audio/physionet_e01090.wav,murmur,train,50.22,physionet2016
physionet_e01091,data/processed/audio/physionet_e01091.wav,murmur,train,20.65,physionet2016
physionet_e01092,data/processed/audio/physionet_e01092.wav,murmur,train,25.96,physionet2016
physionet_e01093,data/processed/audio/physionet_e01093.wav,murmur,train,24.17,physionet2016
physionet_e01094,data/processed/audio/physionet_e01094.wav,murmur,train,29.62,physionet2016
physionet_e01095,data/processed/audio/physionet_e01095.wav,murmur,train,27.84,physionet2016
physionet_e01096,data/processed/audio/physionet_e01096.wav,murmur,train,15.11,physionet2016
physionet_e01097,data/processed/audio/physionet_e01097.wav,normal,train,20.6,physionet2016
physionet_e01098,data/processed/audio/physionet_e01098.wav,murmur,train,11.67,physionet2016
physionet_e01099,data/processed/audio/physionet_e01099.wav,murmur,train,22.85,physionet2016
physionet_e01100,data/processed/audio/physionet_e01100.wav,murmur,val,17.21,physionet2016
physionet_e01101,data/processed/audio/physionet_e01101.wav,murmur,test,21.16,physionet2016
physionet_e01102,data/processed/audio/physionet_e01102.wav,murmur,train,18.36,physionet2016
physionet_e01103,data/processed/audio/physionet_e01103.wav,murmur,train,14.97,physionet2016
physionet_e01104,data/processed/audio/physionet_e01104.wav,murmur,train,15.59,physionet2016
physionet_e01105,data/processed/audio/physionet_e01105.wav,normal,train,17.79,physionet2016
physionet_e01106,data/processed/audio/physionet_e01106.wav,murmur,train,40.78,physionet2016
physionet_e01107,data/processed/audio/physionet_e01107.wav,murmur,train,15.02,physionet2016
physionet_e01108,data/processed/audio/physionet_e01108.wav,murmur,train,18.77,physionet2016
physionet_e01109,data/processed/audio/physionet_e01109.wav,murmur,train,31.81,physionet2016
physionet_e01110,data/processed/audio/physionet_e01110.wav,murmur,train,18.24,physionet2016
physionet_e01111,data/processed/audio/physionet_e01111.wav,murmur,val,30.62,physionet2016
physionet_e01112,data/processed/audio/physionet_e01112.wav,murmur,train,26.07,physionet2016
physionet_e01113,data/processed/audio/physionet_e01113.wav,murmur,train,18.85,physionet2016
physionet_e01114,data/processed/audio/physionet_e01114.wav,murmur,val,19.68,physionet2016
physionet_e01115,data/processed/audio/physionet_e01115.wav,normal,train,16.7,physionet2016
physionet_e01116,data/processed/audio/physionet_e01116.wav,murmur,train,17.85,physionet2016
physionet_e01117,data/processed/audio/physionet_e01117.wav,murmur,train,51.07,physionet2016
physionet_e01118,data/processed/audio/physionet_e01118.wav,murmur,train,18.39,physionet2016
physionet_e01119,data/processed/audio/physionet_e01119.wav,murmur,val,13.79,physionet2016
physionet_e01120,data/processed/audio/physionet_e01120.wav,murmur,val,18.66,physionet2016
physionet_e01121,data/processed/audio/physionet_e01121.wav,murmur,val,38.88,physionet2016
physionet_e01122,data/processed/audio/physionet_e01122.wav,murmur,train,11.33,physionet2016
physionet_e01123,data/processed/audio/physionet_e01123.wav,murmur,train,13.13,physionet2016
physionet_e01124,data/processed/audio/physionet_e01124.wav,murmur,test,19.88,physionet2016
physionet_e01125,data/processed/audio/physionet_e01125.wav,murmur,train,11.71,physionet2016
physionet_e01126,data/processed/audio/physionet_e01126.wav,murmur,test,22.07,physionet2016
physionet_e01127,data/processed/audio/physionet_e01127.wav,murmur,val,14.53,physionet2016
physionet_e01128,data/processed/audio/physionet_e01128.wav,murmur,val,28.18,physionet2016
physionet_e01129,data/processed/audio/physionet_e01129.wav,murmur,train,20.52,physionet2016
physionet_e01130,data/processed/audio/physionet_e01130.wav,murmur,train,22.08,physionet2016
physionet_e01131,data/processed/audio/physionet_e01131.wav,murmur,test,16.22,physionet2016
physionet_e01132,data/processed/audio/physionet_e01132.wav,murmur,train,19.94,physionet2016
physionet_e01133,data/processed/audio/physionet_e01133.wav,murmur,test,19.81,physionet2016
physionet_e01134,data/processed/audio/physionet_e01134.wav,murmur,val,10.47,physionet2016
physionet_e01135,data/processed/audio/physionet_e01135.wav,murmur,train,24.97,physionet2016
physionet_e01136,data/processed/audio/physionet_e01136.wav,murmur,train,15.56,physionet2016
physionet_e01137,data/processed/audio/physionet_e01137.wav,murmur,train,10.64,physionet2016
physionet_e01138,data/processed/audio/physionet_e01138.wav,murmur,val,25.23,physionet2016
physionet_e01139,data/processed/audio/physionet_e01139.wav,murmur,train,37.39,physionet2016
physionet_e01140,data/processed/audio/physionet_e01140.wav,murmur,train,30.66,physionet2016
physionet_e01141,data/processed/audio/physionet_e01141.wav,murmur,train,17.61,physionet2016
physionet_e01142,data/processed/audio/physionet_e01142.wav,murmur,train,10.38,physionet2016
physionet_e01143,data/processed/audio/physionet_e01143.wav,murmur,train,25.3,physionet2016
physionet_e01144,data/processed/audio/physionet_e01144.wav,murmur,train,14.06,physionet2016
physionet_e01145,data/processed/audio/physionet_e01145.wav,murmur,val,22.61,physionet2016
physionet_e01146,data/processed/audio/physionet_e01146.wav,murmur,train,12.59,physionet2016
physionet_e01147,data/processed/audio/physionet_e01147.wav,murmur,val,14.07,physionet2016
physionet_e01148,data/processed/audio/physionet_e01148.wav,murmur,train,29.38,physionet2016
physionet_e01149,data/processed/audio/physionet_e01149.wav,murmur,train,28.11,physionet2016
physionet_e01150,data/processed/audio/physionet_e01150.wav,murmur,train,19.9,physionet2016
physionet_e01151,data/processed/audio/physionet_e01151.wav,murmur,train,18.65,physionet2016
physionet_e01152,data/processed/audio/physionet_e01152.wav,murmur,train,32.72,physionet2016
physionet_e01153,data/processed/audio/physionet_e01153.wav,murmur,test,30.16,physionet2016
physionet_e01154,data/processed/audio/physionet_e01154.wav,murmur,train,25.93,physionet2016
physionet_e01155,data/processed/audio/physionet_e01155.wav,murmur,train,27.41,physionet2016
physionet_e01156,data/processed/audio/physionet_e01156.wav,murmur,train,18.66,physionet2016
physionet_e01157,data/processed/audio/physionet_e01157.wav,murmur,train,22.49,physionet2016
physionet_e01158,data/processed/audio/physionet_e01158.wav,murmur,train,26.05,physionet2016
physionet_e01159,data/processed/audio/physionet_e01159.wav,murmur,train,20.74,physionet2016
physionet_e01160,data/processed/audio/physionet_e01160.wav,normal,val,23.17,physionet2016
physionet_e01161,data/processed/audio/physionet_e01161.wav,murmur,train,17.14,physionet2016
physionet_e01162,data/processed/audio/physionet_e01162.wav,murmur,train,33.13,physionet2016
physionet_e01163,data/processed/audio/physionet_e01163.wav,murmur,train,64.92,physionet2016
physionet_e01164,data/processed/audio/physionet_e01164.wav,murmur,val,24.47,physionet2016
physionet_e01165,data/processed/audio/physionet_e01165.wav,murmur,train,18.31,physionet2016
physionet_e01166,data/processed/audio/physionet_e01166.wav,murmur,train,27.79,physionet2016
physionet_e01167,data/processed/audio/physionet_e01167.wav,murmur,val,11.68,physionet2016
physionet_e01168,data/processed/audio/physionet_e01168.wav,murmur,train,16.58,physionet2016
physionet_e01169,data/processed/audio/physionet_e01169.wav,murmur,train,18.8,physionet2016
physionet_e01170,data/processed/audio/physionet_e01170.wav,murmur,train,25.74,physionet2016
physionet_e01171,data/processed/audio/physionet_e01171.wav,murmur,train,17.16,physionet2016
physionet_e01172,data/processed/audio/physionet_e01172.wav,murmur,train,25.46,physionet2016
physionet_e01173,data/processed/audio/physionet_e01173.wav,murmur,test,33.71,physionet2016
physionet_e01174,data/processed/audio/physionet_e01174.wav,murmur,test,18.1,physionet2016
physionet_e01175,data/processed/audio/physionet_e01175.wav,murmur,train,9.78,physionet2016
physionet_e01176,data/processed/audio/physionet_e01176.wav,murmur,train,21.89,physionet2016
physionet_e01177,data/processed/audio/physionet_e01177.wav,murmur,train,26.24,physionet2016
physionet_e01178,data/processed/audio/physionet_e01178.wav,murmur,train,16.45,physionet2016
physionet_e01179,data/processed/audio/physionet_e01179.wav,murmur,train,21.08,physionet2016
physionet_e01180,data/processed/audio/physionet_e01180.wav,murmur,train,28.06,physionet2016
physionet_e01181,data/processed/audio/physionet_e01181.wav,murmur,train,65.73,physionet2016
physionet_e01182,data/processed/audio/physionet_e01182.wav,murmur,train,32.98,physionet2016
physionet_e01183,data/processed/audio/physionet_e01183.wav,murmur,train,21.72,physionet2016
physionet_e01184,data/processed/audio/physionet_e01184.wav,murmur,train,8.91,physionet2016
physionet_e01185,data/processed/audio/physionet_e01185.wav,murmur,train,44.91,physionet2016
physionet_e01186,data/processed/audio/physionet_e01186.wav,murmur,val,22.52,physionet2016
physionet_e01187,data/processed/audio/physionet_e01187.wav,murmur,train,20.65,physionet2016
physionet_e01188,data/processed/audio/physionet_e01188.wav,murmur,val,13.67,physionet2016
physionet_e01189,data/processed/audio/physionet_e01189.wav,murmur,train,12.84,physionet2016
physionet_e01190,data/processed/audio/physionet_e01190.wav,murmur,test,16.06,physionet2016
physionet_e01191,data/processed/audio/physionet_e01191.wav,murmur,test,12.23,physionet2016
physionet_e01192,data/processed/audio/physionet_e01192.wav,murmur,train,30.23,physionet2016
physionet_e01193,data/processed/audio/physionet_e01193.wav,murmur,test,21.11,physionet2016
physionet_e01194,data/processed/audio/physionet_e01194.wav,murmur,val,16.58,physionet2016
physionet_e01195,data/processed/audio/physionet_e01195.wav,murmur,val,27.08,physionet2016
physionet_e01196,data/processed/audio/physionet_e01196.wav,murmur,train,21.03,physionet2016
physionet_e01197,data/processed/audio/physionet_e01197.wav,murmur,train,33.21,physionet2016
physionet_e01198,data/processed/audio/physionet_e01198.wav,murmur,test,13.71,physionet2016
physionet_e01199,data/processed/audio/physionet_e01199.wav,murmur,train,12.52,physionet2016
physionet_e01200,data/processed/audio/physionet_e01200.wav,murmur,train,27.26,physionet2016
physionet_e01201,data/processed/audio/physionet_e01201.wav,murmur,train,13.94,physionet2016
physionet_e01202,data/processed/audio/physionet_e01202.wav,murmur,train,47.01,physionet2016
physionet_e01203,data/processed/audio/physionet_e01203.wav,murmur,test,17.19,physionet2016
physionet_e01204,data/processed/audio/physionet_e01204.wav,murmur,train,20.04,physionet2016
physionet_e01205,data/processed/audio/physionet_e01205.wav,normal,train,23.78,physionet2016
physionet_e01206,data/processed/audio/physionet_e01206.wav,murmur,val,24.68,physionet2016
physionet_e01207,data/processed/audio/physionet_e01207.wav,murmur,train,18.61,physionet2016
physionet_e01208,data/processed/audio/physionet_e01208.wav,murmur,train,30.64,physionet2016
physionet_e01209,data/processed/audio/physionet_e01209.wav,murmur,train,19.14,physionet2016
physionet_e01210,data/processed/audio/physionet_e01210.wav,murmur,test,32.84,physionet2016
physionet_e01211,data/processed/audio/physionet_e01211.wav,murmur,train,28.73,physionet2016
physionet_e01212,data/processed/audio/physionet_e01212.wav,murmur,train,14.9,physionet2016
physionet_e01213,data/processed/audio/physionet_e01213.wav,murmur,val,52.28,physionet2016
physionet_e01214,data/processed/audio/physionet_e01214.wav,murmur,train,10.73,physionet2016
physionet_e01215,data/processed/audio/physionet_e01215.wav,normal,train,21.32,physionet2016
physionet_e01216,data/processed/audio/physionet_e01216.wav,murmur,test,33.19,physionet2016
physionet_e01217,data/processed/audio/physionet_e01217.wav,murmur,train,28.57,physionet2016
physionet_e01218,data/processed/audio/physionet_e01218.wav,normal,train,22.22,physionet2016
physionet_e01219,data/processed/audio/physionet_e01219.wav,murmur,val,13.7,physionet2016
physionet_e01220,data/processed/audio/physionet_e01220.wav,murmur,train,10.15,physionet2016
physionet_e01221,data/processed/audio/physionet_e01221.wav,murmur,val,27.88,physionet2016
physionet_e01222,data/processed/audio/physionet_e01222.wav,murmur,train,23.07,physionet2016
physionet_e01223,data/processed/audio/physionet_e01223.wav,murmur,train,11.91,physionet2016
physionet_e01224,data/processed/audio/physionet_e01224.wav,murmur,train,40.28,physionet2016
physionet_e01225,data/processed/audio/physionet_e01225.wav,murmur,val,19.05,physionet2016
physionet_e01226,data/processed/audio/physionet_e01226.wav,normal,train,9.71,physionet2016
physionet_e01227,data/processed/audio/physionet_e01227.wav,murmur,train,20.56,physionet2016
physionet_e01228,data/processed/audio/physionet_e01228.wav,murmur,train,12.34,physionet2016
physionet_e01229,data/processed/audio/physionet_e01229.wav,murmur,train,21.73,physionet2016
physionet_e01230,data/processed/audio/physionet_e01230.wav,murmur,train,21.04,physionet2016
physionet_e01231,data/processed/audio/physionet_e01231.wav,murmur,train,19.93,physionet2016
physionet_e01232,data/processed/audio/physionet_e01232.wav,murmur,train,21.62,physionet2016
physionet_e01233,data/processed/audio/physionet_e01233.wav,murmur,train,26.75,physionet2016
physionet_e01234,data/processed/audio/physionet_e01234.wav,murmur,train,20.08,physionet2016
physionet_e01235,data/processed/audio/physionet_e01235.wav,murmur,train,26.53,physionet2016
physionet_e01236,data/processed/audio/physionet_e01236.wav,murmur,test,25.63,physionet2016
physionet_e01237,data/processed/audio/physionet_e01237.wav,normal,train,43.81,physionet2016
physionet_e01238,data/processed/audio/physionet_e01238.wav,murmur,train,16.2,physionet2016
physionet_e01239,data/processed/audio/physionet_e01239.wav,murmur,train,24.19,physionet2016
physionet_e01240,data/processed/audio/physionet_e01240.wav,murmur,val,19.27,physionet2016
physionet_e01241,data/processed/audio/physionet_e01241.wav,murmur,train,31.2,physionet2016
physionet_e01242,data/processed/audio/physionet_e01242.wav,murmur,train,15.25,physionet2016
physionet_e01243,data/processed/audio/physionet_e01243.wav,murmur,train,21.51,physionet2016
physionet_e01244,data/processed/audio/physionet_e01244.wav,murmur,train,20.73,physionet2016
physionet_e01245,data/processed/audio/physionet_e01245.wav,murmur,test,24.3,physionet2016
physionet_e01246,data/processed/audio/physionet_e01246.wav,normal,train,19.37,physionet2016
physionet_e01247,data/processed/audio/physionet_e01247.wav,murmur,train,29.44,physionet2016
physionet_e01248,data/processed/audio/physionet_e01248.wav,murmur,train,25.85,physionet2016
physionet_e01249,data/processed/audio/physionet_e01249.wav,murmur,test,24.91,physionet2016
physionet_e01250,data/processed/audio/physionet_e01250.wav,murmur,train,16.5,physionet2016
physionet_e01251,data/processed/audio/physionet_e01251.wav,murmur,train,14.45,physionet2016
physionet_e01252,data/processed/audio/physionet_e01252.wav,murmur,train,26.85,physionet2016
physionet_e01253,data/processed/audio/physionet_e01253.wav,murmur,train,16.77,physionet2016
physionet_e01254,data/processed/audio/physionet_e01254.wav,murmur,train,19.67,physionet2016
physionet_e01255,data/processed/audio/physionet_e01255.wav,murmur,train,19.76,physionet2016
physionet_e01256,data/processed/audio/physionet_e01256.wav,normal,test,16.3,physionet2016
physionet_e01257,data/processed/audio/physionet_e01257.wav,murmur,val,27.24,physionet2016
physionet_e01258,data/processed/audio/physionet_e01258.wav,murmur,val,25.26,physionet2016
physionet_e01259,data/processed/audio/physionet_e01259.wav,murmur,train,18.91,physionet2016
physionet_e01260,data/processed/audio/physionet_e01260.wav,murmur,train,16.46,physionet2016
physionet_e01261,data/processed/audio/physionet_e01261.wav,murmur,val,10.73,physionet2016
physionet_e01262,data/processed/audio/physionet_e01262.wav,murmur,train,18.42,physionet2016
physionet_e01263,data/processed/audio/physionet_e01263.wav,normal,train,23.5,physionet2016
physionet_e01264,data/processed/audio/physionet_e01264.wav,murmur,train,27.69,physionet2016
physionet_e01265,data/processed/audio/physionet_e01265.wav,murmur,test,27.2,physionet2016
physionet_e01266,data/processed/audio/physionet_e01266.wav,murmur,test,35.33,physionet2016
physionet_e01267,data/processed/audio/physionet_e01267.wav,murmur,test,15.01,physionet2016
physionet_e01268,data/processed/audio/physionet_e01268.wav,murmur,train,14.89,physionet2016
physionet_e01269,data/processed/audio/physionet_e01269.wav,murmur,train,9.29,physionet2016
physionet_e01270,data/processed/audio/physionet_e01270.wav,murmur,train,36.32,physionet2016
physionet_e01271,data/processed/audio/physionet_e01271.wav,murmur,train,10.84,physionet2016
physionet_e01272,data/processed/audio/physionet_e01272.wav,normal,val,18.78,physionet2016
physionet_e01273,data/processed/audio/physionet_e01273.wav,murmur,test,39.58,physionet2016
physionet_e01274,data/processed/audio/physionet_e01274.wav,murmur,train,27.69,physionet2016
physionet_e01275,data/processed/audio/physionet_e01275.wav,murmur,train,46.12,physionet2016
physionet_e01276,data/processed/audio/physionet_e01276.wav,murmur,train,22.18,physionet2016
physionet_e01277,data/processed/audio/physionet_e01277.wav,murmur,train,10.8,physionet2016
physionet_e01278,data/processed/audio/physionet_e01278.wav,murmur,train,11.56,physionet2016
physionet_e01279,data/processed/audio/physionet_e01279.wav,murmur,train,13.27,physionet2016
physionet_e01280,data/processed/audio/physionet_e01280.wav,normal,test,21.5,physionet2016
physionet_e01281,data/processed/audio/physionet_e01281.wav,murmur,test,27.94,physionet2016
physionet_e01282,data/processed/audio/physionet_e01282.wav,murmur,train,26.81,physionet2016
physionet_e01283,data/processed/audio/physionet_e01283.wav,murmur,train,15.86,physionet2016
physionet_e01284,data/processed/audio/physionet_e01284.wav,normal,test,17.16,physionet2016
physionet_e01285,data/processed/audio/physionet_e01285.wav,murmur,test,65.5,physionet2016
physionet_e01286,data/processed/audio/physionet_e01286.wav,murmur,val,14.53,physionet2016
physionet_e01287,data/processed/audio/physionet_e01287.wav,murmur,train,27.3,physionet2016
physionet_e01288,data/processed/audio/physionet_e01288.wav,murmur,train,37.42,physionet2016
physionet_e01289,data/processed/audio/physionet_e01289.wav,normal,train,9.73,physionet2016
physionet_e01290,data/processed/audio/physionet_e01290.wav,murmur,val,28.49,physionet2016
physionet_e01291,data/processed/audio/physionet_e01291.wav,murmur,train,20.79,physionet2016
physionet_e01292,data/processed/audio/physionet_e01292.wav,murmur,train,27.08,physionet2016
physionet_e01293,data/processed/audio/physionet_e01293.wav,murmur,train,25.08,physionet2016
physionet_e01294,data/processed/audio/physionet_e01294.wav,murmur,test,21.77,physionet2016
physionet_e01295,data/processed/audio/physionet_e01295.wav,murmur,train,18.64,physionet2016
physionet_e01296,data/processed/audio/physionet_e01296.wav,murmur,train,29.68,physionet2016
physionet_e01297,data/processed/audio/physionet_e01297.wav,murmur,test,21.37,physionet2016
physionet_e01298,data/processed/audio/physionet_e01298.wav,normal,train,22.04,physionet2016
physionet_e01299,data/processed/audio/physionet_e01299.wav,normal,train,22.48,physionet2016
physionet_e01300,data/processed/audio/physionet_e01300.wav,murmur,train,18.45,physionet2016
physionet_e01301,data/processed/audio/physionet_e01301.wav,murmur,val,22.89,physionet2016
physionet_e01302,data/processed/audio/physionet_e01302.wav,murmur,train,26.83,physionet2016
physionet_e01303,data/processed/audio/physionet_e01303.wav,murmur,train,47.28,physionet2016
physionet_e01304,data/processed/audio/physionet_e01304.wav,murmur,test,18.43,physionet2016
physionet_e01305,data/processed/audio/physionet_e01305.wav,murmur,train,24.6,physionet2016
physionet_e01306,data/processed/audio/physionet_e01306.wav,murmur,test,16.44,physionet2016
physionet_e01307,data/processed/audio/physionet_e01307.wav,normal,train,20.04,physionet2016
physionet_e01308,data/processed/audio/physionet_e01308.wav,murmur,train,17.08,physionet2016
physionet_e01309,data/processed/audio/physionet_e01309.wav,murmur,val,18.87,physionet2016
physionet_e01310,data/processed/audio/physionet_e01310.wav,murmur,train,14.99,physionet2016
physionet_e01311,data/processed/audio/physionet_e01311.wav,murmur,train,17.98,physionet2016
physionet_e01312,data/processed/audio/physionet_e01312.wav,murmur,test,10.92,physionet2016
physionet_e01313,data/processed/audio/physionet_e01313.wav,murmur,train,101.67,physionet2016
physionet_e01314,data/processed/audio/physionet_e01314.wav,murmur,train,47.84,physionet2016
physionet_e01315,data/processed/audio/physionet_e01315.wav,murmur,train,19.43,physionet2016
physionet_e01316,data/processed/audio/physionet_e01316.wav,murmur,train,18.8,physionet2016
physionet_e01317,data/processed/audio/physionet_e01317.wav,murmur,val,17.36,physionet2016
physionet_e01318,data/processed/audio/physionet_e01318.wav,murmur,train,15.03,physionet2016
physionet_e01319,data/processed/audio/physionet_e01319.wav,murmur,train,37.92,physionet2016
physionet_e01320,data/processed/audio/physionet_e01320.wav,murmur,test,10.56,physionet2016
physionet_e01321,data/processed/audio/physionet_e01321.wav,murmur,train,25.13,physionet2016
physionet_e01322,data/processed/audio/physionet_e01322.wav,murmur,train,36.42,physionet2016
physionet_e01323,data/processed/audio/physionet_e01323.wav,murmur,train,12.28,physionet2016
physionet_e01324,data/processed/audio/physionet_e01324.wav,murmur,train,9.32,physionet2016
physionet_e01325,data/processed/audio/physionet_e01325.wav,murmur,train,22.58,physionet2016
physionet_e01326,data/processed/audio/physionet_e01326.wav,murmur,train,18.02,physionet2016
physionet_e01327,data/processed/audio/physionet_e01327.wav,murmur,train,16.95,physionet2016
physionet_e01328,data/processed/audio/physionet_e01328.wav,murmur,train,25.27,physionet2016
physionet_e01329,data/processed/audio/physionet_e01329.wav,murmur,train,18.01,physionet2016
physionet_e01330,data/processed/audio/physionet_e01330.wav,murmur,train,14.8,physionet2016
physionet_e01331,data/processed/audio/physionet_e01331.wav,murmur,train,21.22,physionet2016
physionet_e01332,data/processed/audio/physionet_e01332.wav,murmur,train,13.88,physionet2016
physionet_e01333,data/processed/audio/physionet_e01333.wav,murmur,train,19.47,physionet2016
physionet_e01334,data/processed/audio/physionet_e01334.wav,murmur,train,18.73,physionet2016
physionet_e01335,data/processed/audio/physionet_e01335.wav,murmur,train,10.31,physionet2016
physionet_e01336,data/processed/audio/physionet_e01336.wav,murmur,train,28.02,physionet2016
physionet_e01337,data/processed/audio/physionet_e01337.wav,murmur,train,19.56,physionet2016
physionet_e01338,data/processed/audio/physionet_e01338.wav,murmur,val,23.94,physionet2016
physionet_e01339,data/processed/audio/physionet_e01339.wav,murmur,test,19.46,physionet2016
physionet_e01340,data/processed/audio/physionet_e01340.wav,murmur,val,43.01,physionet2016
physionet_e01341,data/processed/audio/physionet_e01341.wav,normal,train,20.97,physionet2016
physionet_e01342,data/processed/audio/physionet_e01342.wav,murmur,val,30.07,physionet2016
physionet_e01343,data/processed/audio/physionet_e01343.wav,murmur,train,39.71,physionet2016
physionet_e01344,data/processed/audio/physionet_e01344.wav,murmur,train,13.86,physionet2016
physionet_e01345,data/processed/audio/physionet_e01345.wav,murmur,val,17.25,physionet2016
physionet_e01346,data/processed/audio/physionet_e01346.wav,murmur,test,15.76,physionet2016
physionet_e01347,data/processed/audio/physionet_e01347.wav,murmur,train,17.36,physionet2016
physionet_e01348,data/processed/audio/physionet_e01348.wav,murmur,test,40.29,physionet2016
physionet_e01349,data/processed/audio/physionet_e01349.wav,murmur,train,15.52,physionet2016
physionet_e01350,data/processed/audio/physionet_e01350.wav,murmur,train,21.88,physionet2016
physionet_e01351,data/processed/audio/physionet_e01351.wav,normal,train,18.65,physionet2016
physionet_e01352,data/processed/audio/physionet_e01352.wav,murmur,train,22.82,physionet2016
physionet_e01353,data/processed/audio/physionet_e01353.wav,murmur,train,29.63,physionet2016
physionet_e01354,data/processed/audio/physionet_e01354.wav,murmur,train,30.61,physionet2016
physionet_e01355,data/processed/audio/physionet_e01355.wav,murmur,train,98.99,physionet2016
physionet_e01356,data/processed/audio/physionet_e01356.wav,murmur,train,16.27,physionet2016
physionet_e01357,data/processed/audio/physionet_e01357.wav,murmur,train,13.43,physionet2016
physionet_e01358,data/processed/audio/physionet_e01358.wav,murmur,train,16.68,physionet2016
physionet_e01359,data/processed/audio/physionet_e01359.wav,murmur,train,26.5,physionet2016
physionet_e01360,data/processed/audio/physionet_e01360.wav,murmur,train,23.82,physionet2016
physionet_e01361,data/processed/audio/physionet_e01361.wav,murmur,train,8.89,physionet2016
physionet_e01362,data/processed/audio/physionet_e01362.wav,murmur,test,38.77,physionet2016
physionet_e01363,data/processed/audio/physionet_e01363.wav,murmur,train,16.95,physionet2016
physionet_e01364,data/processed/audio/physionet_e01364.wav,murmur,train,35.32,physionet2016
physionet_e01365,data/processed/audio/physionet_e01365.wav,normal,test,23.78,physionet2016
physionet_e01366,data/processed/audio/physionet_e01366.wav,murmur,train,15.59,physionet2016
physionet_e01367,data/processed/audio/physionet_e01367.wav,normal,train,23.29,physionet2016
physionet_e01368,data/processed/audio/physionet_e01368.wav,murmur,val,32.06,physionet2016
physionet_e01369,data/processed/audio/physionet_e01369.wav,murmur,train,23.77,physionet2016
physionet_e01370,data/processed/audio/physionet_e01370.wav,murmur,train,34.76,physionet2016
physionet_e01371,data/processed/audio/physionet_e01371.wav,murmur,train,16.93,physionet2016
physionet_e01372,data/processed/audio/physionet_e01372.wav,murmur,train,35.65,physionet2016
physionet_e01373,data/processed/audio/physionet_e01373.wav,murmur,train,14.2,physionet2016
physionet_e01374,data/processed/audio/physionet_e01374.wav,normal,train,21.15,physionet2016
physionet_e01375,data/processed/audio/physionet_e01375.wav,normal,train,21.25,physionet2016
physionet_e01376,data/processed/audio/physionet_e01376.wav,normal,train,23.57,physionet2016
physionet_e01377,data/processed/audio/physionet_e01377.wav,murmur,train,28.96,physionet2016
physionet_e01378,data/processed/audio/physionet_e01378.wav,murmur,train,16.85,physionet2016
physionet_e01379,data/processed/audio/physionet_e01379.wav,murmur,test,20.73,physionet2016
physionet_e01380,data/processed/audio/physionet_e01380.wav,murmur,train,40.26,physionet2016
physionet_e01381,data/processed/audio/physionet_e01381.wav,murmur,val,10.54,physionet2016
physionet_e01382,data/processed/audio/physionet_e01382.wav,normal,train,16.67,physionet2016
physionet_e01383,data/processed/audio/physionet_e01383.wav,normal,train,22.41,physionet2016
physionet_e01384,data/processed/audio/physionet_e01384.wav,murmur,train,16.63,physionet2016
physionet_e01385,data/processed/audio/physionet_e01385.wav,murmur,train,28.87,physionet2016
physionet_e01386,data/processed/audio/physionet_e01386.wav,murmur,train,18.12,physionet2016
physionet_e01387,data/processed/audio/physionet_e01387.wav,murmur,train,15.83,physionet2016
physionet_e01388,data/processed/audio/physionet_e01388.wav,murmur,train,28.61,physionet2016
physionet_e01389,data/processed/audio/physionet_e01389.wav,murmur,train,23.05,physionet2016
physionet_e01390,data/processed/audio/physionet_e01390.wav,murmur,train,27.28,physionet2016
physionet_e01391,data/processed/audio/physionet_e01391.wav,murmur,test,16.82,physionet2016
physionet_e01392,data/processed/audio/physionet_e01392.wav,murmur,val,25.88,physionet2016
physionet_e01393,data/processed/audio/physionet_e01393.wav,murmur,train,17.65,physionet2016
physionet_e01394,data/processed/audio/physionet_e01394.wav,murmur,train,13.36,physionet2016
physionet_e01395,data/processed/audio/physionet_e01395.wav,murmur,train,22.39,physionet2016
physionet_e01396,data/processed/audio/physionet_e01396.wav,murmur,train,36.8,physionet2016
physionet_e01397,data/processed/audio/physionet_e01397.wav,murmur,train,20.29,physionet2016
physionet_e01398,data/processed/audio/physionet_e01398.wav,murmur,train,20.37,physionet2016
physionet_e01399,data/processed/audio/physionet_e01399.wav,normal,test,23.13,physionet2016
physionet_e01400,data/processed/audio/physionet_e01400.wav,murmur,train,24.07,physionet2016
physionet_e01401,data/processed/audio/physionet_e01401.wav,murmur,train,32.77,physionet2016
physionet_e01402,data/processed/audio/physionet_e01402.wav,murmur,train,14.72,physionet2016
physionet_e01403,data/processed/audio/physionet_e01403.wav,murmur,val,24.29,physionet2016
physionet_e01404,data/processed/audio/physionet_e01404.wav,murmur,train,26.18,physionet2016
physionet_e01405,data/processed/audio/physionet_e01405.wav,murmur,train,26.8,physionet2016
physionet_e01406,data/processed/audio/physionet_e01406.wav,murmur,train,19.73,physionet2016
physionet_e01407,data/processed/audio/physionet_e01407.wav,murmur,train,25.24,physionet2016
physionet_e01408,data/processed/audio/physionet_e01408.wav,murmur,train,16.4,physionet2016
physionet_e01409,data/processed/audio/physionet_e01409.wav,murmur,train,13.65,physionet2016
physionet_e01410,data/processed/audio/physionet_e01410.wav,murmur,train,19.27,physionet2016
physionet_e01411,data/processed/audio/physionet_e01411.wav,murmur,val,20.03,physionet2016
physionet_e01412,data/processed/audio/physionet_e01412.wav,murmur,test,29.02,physionet2016
physionet_e01413,data/processed/audio/physionet_e01413.wav,murmur,train,38.09,physionet2016
physionet_e01414,data/processed/audio/physionet_e01414.wav,murmur,train,24.26,physionet2016
physionet_e01415,data/processed/audio/physionet_e01415.wav,murmur,train,18.92,physionet2016
physionet_e01416,data/processed/audio/physionet_e01416.wav,murmur,train,22.65,physionet2016
physionet_e01417,data/processed/audio/physionet_e01417.wav,murmur,train,17.87,physionet2016
physionet_e01418,data/processed/audio/physionet_e01418.wav,murmur,train,36.85,physionet2016
physionet_e01419,data/processed/audio/physionet_e01419.wav,murmur,train,25.55,physionet2016
physionet_e01420,data/processed/audio/physionet_e01420.wav,murmur,train,12.95,physionet2016
physionet_e01421,data/processed/audio/physionet_e01421.wav,normal,test,10.31,physionet2016
physionet_e01422,data/processed/audio/physionet_e01422.wav,murmur,test,17.1,physionet2016
physionet_e01423,data/processed/audio/physionet_e01423.wav,murmur,train,22.43,physionet2016
physionet_e01424,data/processed/audio/physionet_e01424.wav,murmur,test,23.12,physionet2016
physionet_e01425,data/processed/audio/physionet_e01425.wav,murmur,train,23.89,physionet2016
physionet_e01426,data/processed/audio/physionet_e01426.wav,murmur,train,32.77,physionet2016
physionet_e01427,data/processed/audio/physionet_e01427.wav,murmur,train,35.07,physionet2016
physionet_e01428,data/processed/audio/physionet_e01428.wav,murmur,test,37.44,physionet2016
physionet_e01429,data/processed/audio/physionet_e01429.wav,murmur,test,26.75,physionet2016
physionet_e01430,data/processed/audio/physionet_e01430.wav,murmur,test,31.99,physionet2016
physionet_e01431,data/processed/audio/physionet_e01431.wav,murmur,val,21.61,physionet2016
physionet_e01432,data/processed/audio/physionet_e01432.wav,murmur,test,24.36,physionet2016
physionet_e01433,data/processed/audio/physionet_e01433.wav,murmur,val,19.15,physionet2016
physionet_e01434,data/processed/audio/physionet_e01434.wav,murmur,test,10.68,physionet2016
physionet_e01435,data/processed/audio/physionet_e01435.wav,murmur,train,17.59,physionet2016
physionet_e01436,data/processed/audio/physionet_e01436.wav,murmur,train,27.21,physionet2016
physionet_e01437,data/processed/audio/physionet_e01437.wav,murmur,train,26.03,physionet2016
physionet_e01438,data/processed/audio/physionet_e01438.wav,murmur,val,24.87,physionet2016
physionet_e01439,data/processed/audio/physionet_e01439.wav,murmur,train,27.53,physionet2016
physionet_e01440,data/processed/audio/physionet_e01440.wav,murmur,train,11.44,physionet2016
physionet_e01441,data/processed/audio/physionet_e01441.wav,murmur,train,23.49,physionet2016
physionet_e01442,data/processed/audio/physionet_e01442.wav,murmur,train,20.12,physionet2016
physionet_e01443,data/processed/audio/physionet_e01443.wav,murmur,train,24.09,physionet2016
physionet_e01444,data/processed/audio/physionet_e01444.wav,murmur,train,17.61,physionet2016
physionet_e01445,data/processed/audio/physionet_e01445.wav,murmur,train,25.45,physionet2016
physionet_e01446,data/processed/audio/physionet_e01446.wav,murmur,train,8.99,physionet2016
physionet_e01447,data/processed/audio/physionet_e01447.wav,murmur,train,11.56,physionet2016
physionet_e01448,data/processed/audio/physionet_e01448.wav,murmur,train,17.74,physionet2016
physionet_e01449,data/processed/audio/physionet_e01449.wav,murmur,test,93.76,physionet2016
physionet_e01450,data/processed/audio/physionet_e01450.wav,murmur,train,21.53,physionet2016
physionet_e01451,data/processed/audio/physionet_e01451.wav,murmur,train,17.23,physionet2016
physionet_e01452,data/processed/audio/physionet_e01452.wav,murmur,train,10.39,physionet2016
physionet_e01453,data/processed/audio/physionet_e01453.wav,murmur,train,10.31,physionet2016
physionet_e01454,data/processed/audio/physionet_e01454.wav,murmur,train,19.2,physionet2016
physionet_e01455,data/processed/audio/physionet_e01455.wav,murmur,train,17.48,physionet2016
physionet_e01456,data/processed/audio/physionet_e01456.wav,murmur,train,16.92,physionet2016
physionet_e01457,data/processed/audio/physionet_e01457.wav,normal,val,8.13,physionet2016
physionet_e01458,data/processed/audio/physionet_e01458.wav,murmur,train,21.98,physionet2016
physionet_e01459,data/processed/audio/physionet_e01459.wav,murmur,test,19.2,physionet2016
physionet_e01460,data/processed/audio/physionet_e01460.wav,murmur,test,11.51,physionet2016
physionet_e01461,data/processed/audio/physionet_e01461.wav,normal,train,20.64,physionet2016
physionet_e01462,data/processed/audio/physionet_e01462.wav,murmur,val,30.99,physionet2016
physionet_e01463,data/processed/audio/physionet_e01463.wav,murmur,test,9.01,physionet2016
physionet_e01464,data/processed/audio/physionet_e01464.wav,murmur,train,13.91,physionet2016
physionet_e01465,data/processed/audio/physionet_e01465.wav,murmur,train,27.03,physionet2016
physionet_e01466,data/processed/audio/physionet_e01466.wav,murmur,val,22.8,physionet2016
physionet_e01467,data/processed/audio/physionet_e01467.wav,murmur,train,21.87,physionet2016
physionet_e01468,data/processed/audio/physionet_e01468.wav,murmur,train,16.21,physionet2016
physionet_e01469,data/processed/audio/physionet_e01469.wav,murmur,train,28.49,physionet2016
physionet_e01470,data/processed/audio/physionet_e01470.wav,murmur,train,21.15,physionet2016
physionet_e01471,data/processed/audio/physionet_e01471.wav,murmur,val,16.09,physionet2016
physionet_e01472,data/processed/audio/physionet_e01472.wav,murmur,val,27.13,physionet2016
physionet_e01473,data/processed/audio/physionet_e01473.wav,murmur,train,16.61,physionet2016
physionet_e01474,data/processed/audio/physionet_e01474.wav,murmur,train,17.65,physionet2016
physionet_e01475,data/processed/audio/physionet_e01475.wav,murmur,train,17.23,physionet2016
physionet_e01476,data/processed/audio/physionet_e01476.wav,murmur,train,17.45,physionet2016
physionet_e01477,data/processed/audio/physionet_e01477.wav,murmur,train,34.39,physionet2016
physionet_e01478,data/processed/audio/physionet_e01478.wav,murmur,train,23.88,physionet2016
physionet_e01479,data/processed/audio/physionet_e01479.wav,normal,train,16.77,physionet2016
physionet_e01480,data/processed/audio/physionet_e01480.wav,murmur,train,25.53,physionet2016
physionet_e01481,data/processed/audio/physionet_e01481.wav,murmur,train,15.52,physionet2016
physionet_e01482,data/processed/audio/physionet_e01482.wav,murmur,train,36.0,physionet2016
physionet_e01483,data/processed/audio/physionet_e01483.wav,normal,train,11.12,physionet2016
physionet_e01484,data/processed/audio/physionet_e01484.wav,murmur,train,24.09,physionet2016
physionet_e01485,data/processed/audio/physionet_e01485.wav,murmur,train,20.6,physionet2016
physionet_e01486,data/processed/audio/physionet_e01486.wav,murmur,train,16.23,physionet2016
physionet_e01487,data/processed/audio/physionet_e01487.wav,murmur,train,18.5,physionet2016
physionet_e01488,data/processed/audio/physionet_e01488.wav,murmur,test,34.0,physionet2016
physionet_e01489,data/processed/audio/physionet_e01489.wav,murmur,train,36.16,physionet2016
physionet_e01490,data/processed/audio/physionet_e01490.wav,murmur,val,21.14,physionet2016
physionet_e01491,data/processed/audio/physionet_e01491.wav,murmur,test,22.37,physionet2016
physionet_e01492,data/processed/audio/physionet_e01492.wav,murmur,train,19.37,physionet2016
physionet_e01493,data/processed/audio/physionet_e01493.wav,murmur,train,13.43,physionet2016
physionet_e01494,data/processed/audio/physionet_e01494.wav,normal,val,22.59,physionet2016
physionet_e01495,data/processed/audio/physionet_e01495.wav,murmur,train,23.25,physionet2016
physionet_e01496,data/processed/audio/physionet_e01496.wav,murmur,train,29.18,physionet2016
physionet_e01497,data/processed/audio/physionet_e01497.wav,murmur,train,17.3,physionet2016
physionet_e01498,data/processed/audio/physionet_e01498.wav,murmur,train,48.78,physionet2016
physionet_e01499,data/processed/audio/physionet_e01499.wav,murmur,test,20.24,physionet2016
physionet_e01500,data/processed/audio/physionet_e01500.wav,murmur,test,35.26,physionet2016
physionet_e01501,data/processed/audio/physionet_e01501.wav,murmur,train,21.47,physionet2016
physionet_e01502,data/processed/audio/physionet_e01502.wav,normal,train,22.38,physionet2016
physionet_e01503,data/processed/audio/physionet_e01503.wav,murmur,test,26.09,physionet2016
physionet_e01504,data/processed/audio/physionet_e01504.wav,murmur,train,14.52,physionet2016
physionet_e01505,data/processed/audio/physionet_e01505.wav,murmur,test,46.91,physionet2016
physionet_e01506,data/processed/audio/physionet_e01506.wav,murmur,train,12.37,physionet2016
physionet_e01507,data/processed/audio/physionet_e01507.wav,murmur,val,17.99,physionet2016
physionet_e01508,data/processed/audio/physionet_e01508.wav,murmur,train,18.75,physionet2016
physionet_e01509,data/processed/audio/physionet_e01509.wav,murmur,train,19.95,physionet2016
physionet_e01510,data/processed/audio/physionet_e01510.wav,murmur,train,12.95,physionet2016
physionet_e01511,data/processed/audio/physionet_e01511.wav,normal,train,11.24,physionet2016
physionet_e01512,data/processed/audio/physionet_e01512.wav,murmur,train,20.05,physionet2016
physionet_e01513,data/processed/audio/physionet_e01513.wav,murmur,train,16.26,physionet2016
physionet_e01514,data/processed/audio/physionet_e01514.wav,murmur,train,16.06,physionet2016
physionet_e01515,data/processed/audio/physionet_e01515.wav,murmur,train,10.37,physionet2016
physionet_e01516,data/processed/audio/physionet_e01516.wav,murmur,val,39.24,physionet2016
physionet_e01517,data/processed/audio/physionet_e01517.wav,murmur,train,24.0,physionet2016
physionet_e01518,data/processed/audio/physionet_e01518.wav,murmur,test,22.73,physionet2016
physionet_e01519,data/processed/audio/physionet_e01519.wav,murmur,train,18.52,physionet2016
physionet_e01520,data/processed/audio/physionet_e01520.wav,murmur,test,11.46,physionet2016
physionet_e01521,data/processed/audio/physionet_e01521.wav,murmur,train,20.08,physionet2016
physionet_e01522,data/processed/audio/physionet_e01522.wav,murmur,test,29.83,physionet2016
physionet_e01523,data/processed/audio/physionet_e01523.wav,murmur,train,43.23,physionet2016
physionet_e01524,data/processed/audio/physionet_e01524.wav,murmur,train,19.67,physionet2016
physionet_e01525,data/processed/audio/physionet_e01525.wav,murmur,val,24.57,physionet2016
physionet_e01526,data/processed/audio/physionet_e01526.wav,murmur,train,9.94,physionet2016
physionet_e01527,data/processed/audio/physionet_e01527.wav,murmur,train,23.83,physionet2016
physionet_e01528,data/processed/audio/physionet_e01528.wav,murmur,train,63.6,physionet2016
physionet_e01529,data/processed/audio/physionet_e01529.wav,normal,train,23.78,physionet2016
physionet_e01530,data/processed/audio/physionet_e01530.wav,murmur,train,13.27,physionet2016
physionet_e01531,data/processed/audio/physionet_e01531.wav,normal,train,21.8,physionet2016
physionet_e01532,data/processed/audio/physionet_e01532.wav,murmur,val,24.28,physionet2016
physionet_e01533,data/processed/audio/physionet_e01533.wav,murmur,val,32.41,physionet2016
physionet_e01534,data/processed/audio/physionet_e01534.wav,murmur,test,20.99,physionet2016
physionet_e01535,data/processed/audio/physionet_e01535.wav,murmur,train,27.65,physionet2016
physionet_e01536,data/processed/audio/physionet_e01536.wav,murmur,val,34.87,physionet2016
physionet_e01537,data/processed/audio/physionet_e01537.wav,murmur,train,32.88,physionet2016
physionet_e01538,data/processed/audio/physionet_e01538.wav,murmur,train,38.52,physionet2016
physionet_e01539,data/processed/audio/physionet_e01539.wav,murmur,train,51.74,physionet2016
physionet_e01540,data/processed/audio/physionet_e01540.wav,murmur,train,30.6,physionet2016
physionet_e01541,data/processed/audio/physionet_e01541.wav,murmur,train,12.49,physionet2016
physionet_e01542,data/processed/audio/physionet_e01542.wav,murmur,val,23.06,physionet2016
physionet_e01543,data/processed/audio/physionet_e01543.wav,murmur,train,12.78,physionet2016
physionet_e01544,data/processed/audio/physionet_e01544.wav,murmur,train,22.48,physionet2016
physionet_e01545,data/processed/audio/physionet_e01545.wav,murmur,train,24.18,physionet2016
physionet_e01546,data/processed/audio/physionet_e01546.wav,murmur,train,19.65,physionet2016
physionet_e01547,data/processed/audio/physionet_e01547.wav,murmur,train,32.26,physionet2016
physionet_e01548,data/processed/audio/physionet_e01548.wav,murmur,test,44.79,physionet2016
physionet_e01549,data/processed/audio/physionet_e01549.wav,murmur,test,23.06,physionet2016
physionet_e01550,data/processed/audio/physionet_e01550.wav,murmur,train,47.66,physionet2016
physionet_e01551,data/processed/audio/physionet_e01551.wav,murmur,train,12.07,physionet2016
physionet_e01552,data/processed/audio/physionet_e01552.wav,murmur,train,11.61,physionet2016
physionet_e01553,data/processed/audio/physionet_e01553.wav,murmur,val,24.61,physionet2016
physionet_e01554,data/processed/audio/physionet_e01554.wav,murmur,train,9.56,physionet2016
physionet_e01555,data/processed/audio/physionet_e01555.wav,murmur,train,26.71,physionet2016
physionet_e01556,data/processed/audio/physionet_e01556.wav,murmur,train,20.68,physionet2016
physionet_e01557,data/processed/audio/physionet_e01557.wav,murmur,test,9.74,physionet2016
physionet_e01558,data/processed/audio/physionet_e01558.wav,murmur,val,16.11,physionet2016
physionet_e01559,data/processed/audio/physionet_e01559.wav,normal,train,22.29,physionet2016
physionet_e01560,data/processed/audio/physionet_e01560.wav,murmur,train,30.8,physionet2016
physionet_e01561,data/processed/audio/physionet_e01561.wav,murmur,train,8.18,physionet2016
physionet_e01562,data/processed/audio/physionet_e01562.wav,murmur,train,17.64,physionet2016
physionet_e01563,data/processed/audio/physionet_e01563.wav,murmur,train,16.9,physionet2016
physionet_e01564,data/processed/audio/physionet_e01564.wav,murmur,test,28.49,physionet2016
physionet_e01565,data/processed/audio/physionet_e01565.wav,murmur,train,30.49,physionet2016
physionet_e01566,data/processed/audio/physionet_e01566.wav,murmur,test,13.51,physionet2016
physionet_e01567,data/processed/audio/physionet_e01567.wav,murmur,train,20.51,physionet2016
physionet_e01568,data/processed/audio/physionet_e01568.wav,normal,train,22.66,physionet2016
physionet_e01569,data/processed/audio/physionet_e01569.wav,murmur,train,20.06,physionet2016
physionet_e01570,data/processed/audio/physionet_e01570.wav,murmur,train,22.96,physionet2016
physionet_e01571,data/processed/audio/physionet_e01571.wav,murmur,train,60.56,physionet2016
physionet_e01572,data/processed/audio/physionet_e01572.wav,normal,train,23.78,physionet2016
physionet_e01573,data/processed/audio/physionet_e01573.wav,murmur,train,26.11,physionet2016
physionet_e01574,data/processed/audio/physionet_e01574.wav,murmur,train,16.2,physionet2016
physionet_e01575,data/processed/audio/physionet_e01575.wav,murmur,train,19.15,physionet2016
physionet_e01576,data/processed/audio/physionet_e01576.wav,murmur,train,39.1,physionet2016
physionet_e01577,data/processed/audio/physionet_e01577.wav,murmur,test,22.65,physionet2016
physionet_e01578,data/processed/audio/physionet_e01578.wav,murmur,train,9.19,physionet2016
physionet_e01579,data/processed/audio/physionet_e01579.wav,murmur,train,20.0,physionet2016
physionet_e01580,data/processed/audio/physionet_e01580.wav,murmur,train,18.05,physionet2016
physionet_e01581,data/processed/audio/physionet_e01581.wav,normal,test,23.36,physionet2016
physionet_e01582,data/processed/audio/physionet_e01582.wav,murmur,train,26.6,physionet2016
physionet_e01583,data/processed/audio/physionet_e01583.wav,murmur,test,19.05,physionet2016
physionet_e01584,data/processed/audio/physionet_e01584.wav,murmur,val,19.84,physionet2016
physionet_e01585,data/processed/audio/physionet_e01585.wav,murmur,train,22.33,physionet2016
physionet_e01586,data/processed/audio/physionet_e01586.wav,murmur,train,43.42,physionet2016
physionet_e01587,data/processed/audio/physionet_e01587.wav,murmur,train,16.65,physionet2016
physionet_e01588,data/processed/audio/physionet_e01588.wav,murmur,train,15.88,physionet2016
physionet_e01589,data/processed/audio/physionet_e01589.wav,murmur,val,21.47,physionet2016
physionet_e01590,data/processed/audio/physionet_e01590.wav,murmur,train,28.26,physionet2016
physionet_e01591,data/processed/audio/physionet_e01591.wav,murmur,val,16.96,physionet2016
physionet_e01592,data/processed/audio/physionet_e01592.wav,murmur,test,26.12,physionet2016
physionet_e01593,data/processed/audio/physionet_e01593.wav,murmur,train,15.02,physionet2016
physionet_e01594,data/processed/audio/physionet_e01594.wav,murmur,train,28.14,physionet2016
physionet_e01595,data/processed/audio/physionet_e01595.wav,murmur,train,42.82,physionet2016
physionet_e01596,data/processed/audio/physionet_e01596.wav,murmur,train,14.71,physionet2016
physionet_e01597,data/processed/audio/physionet_e01597.wav,murmur,train,36.24,physionet2016
physionet_e01598,data/processed/audio/physionet_e01598.wav,murmur,train,13.01,physionet2016
physionet_e01599,data/processed/audio/physionet_e01599.wav,murmur,train,41.02,physionet2016
physionet_e01600,data/processed/audio/physionet_e01600.wav,murmur,train,11.17,physionet2016
physionet_e01601,data/processed/audio/physionet_e01601.wav,normal,test,63.13,physionet2016
physionet_e01602,data/processed/audio/physionet_e01602.wav,normal,train,40.82,physionet2016
physionet_e01603,data/processed/audio/physionet_e01603.wav,murmur,train,13.67,physionet2016
physionet_e01604,data/processed/audio/physionet_e01604.wav,murmur,train,44.29,physionet2016
physionet_e01605,data/processed/audio/physionet_e01605.wav,normal,test,21.83,physionet2016
physionet_e01606,data/processed/audio/physionet_e01606.wav,murmur,val,20.28,physionet2016
physionet_e01607,data/processed/audio/physionet_e01607.wav,murmur,train,55.03,physionet2016
physionet_e01608,data/processed/audio/physionet_e01608.wav,murmur,val,16.68,physionet2016
physionet_e01609,data/processed/audio/physionet_e01609.wav,murmur,train,17.79,physionet2016
physionet_e01610,data/processed/audio/physionet_e01610.wav,murmur,val,18.84,physionet2016
physionet_e01611,data/processed/audio/physionet_e01611.wav,murmur,train,24.88,physionet2016
physionet_e01612,data/processed/audio/physionet_e01612.wav,murmur,test,32.29,physionet2016
physionet_e01613,data/processed/audio/physionet_e01613.wav,murmur,train,49.55,physionet2016
physionet_e01614,data/processed/audio/physionet_e01614.wav,murmur,val,22.74,physionet2016
physionet_e01615,data/processed/audio/physionet_e01615.wav,murmur,train,19.07,physionet2016
physionet_e01616,data/processed/audio/physionet_e01616.wav,murmur,train,17.67,physionet2016
physionet_e01617,data/processed/audio/physionet_e01617.wav,murmur,train,8.24,physionet2016
physionet_e01618,data/processed/audio/physionet_e01618.wav,murmur,test,30.5,physionet2016
physionet_e01619,data/processed/audio/physionet_e01619.wav,murmur,val,23.84,physionet2016
physionet_e01620,data/processed/audio/physionet_e01620.wav,murmur,train,23.28,physionet2016
physionet_e01621,data/processed/audio/physionet_e01621.wav,murmur,val,18.79,physionet2016
physionet_e01622,data/processed/audio/physionet_e01622.wav,murmur,train,27.81,physionet2016
physionet_e01623,data/processed/audio/physionet_e01623.wav,normal,train,19.67,physionet2016
physionet_e01624,data/processed/audio/physionet_e01624.wav,murmur,train,19.79,physionet2016
physionet_e01625,data/processed/audio/physionet_e01625.wav,murmur,test,22.82,physionet2016
physionet_e01626,data/processed/audio/physionet_e01626.wav,murmur,train,12.03,physionet2016
physionet_e01627,data/processed/audio/physionet_e01627.wav,murmur,train,28.97,physionet2016
physionet_e01628,data/processed/audio/physionet_e01628.wav,murmur,test,17.14,physionet2016
physionet_e01629,data/processed/audio/physionet_e01629.wav,murmur,train,25.68,physionet2016
physionet_e01630,data/processed/audio/physionet_e01630.wav,murmur,val,20.23,physionet2016
physionet_e01631,data/processed/audio/physionet_e01631.wav,murmur,train,9.56,physionet2016
physionet_e01632,data/processed/audio/physionet_e01632.wav,murmur,train,24.86,physionet2016
physionet_e01633,data/processed/audio/physionet_e01633.wav,murmur,train,28.47,physionet2016
physionet_e01634,data/processed/audio/physionet_e01634.wav,murmur,train,9.93,physionet2016
physionet_e01635,data/processed/audio/physionet_e01635.wav,murmur,train,18.12,physionet2016
physionet_e01636,data/processed/audio/physionet_e01636.wav,murmur,train,18.16,physionet2016
physionet_e01637,data/processed/audio/physionet_e01637.wav,normal,train,22.45,physionet2016
physionet_e01638,data/processed/audio/physionet_e01638.wav,normal,train,20.32,physionet2016
physionet_e01639,data/processed/audio/physionet_e01639.wav,murmur,test,49.8,physionet2016
physionet_e01640,data/processed/audio/physionet_e01640.wav,murmur,train,13.62,physionet2016
physionet_e01641,data/processed/audio/physionet_e01641.wav,murmur,train,16.24,physionet2016
physionet_e01642,data/processed/audio/physionet_e01642.wav,murmur,train,10.01,physionet2016
physionet_e01643,data/processed/audio/physionet_e01643.wav,murmur,train,21.93,physionet2016
physionet_e01644,data/processed/audio/physionet_e01644.wav,murmur,train,25.43,physionet2016
physionet_e01645,data/processed/audio/physionet_e01645.wav,murmur,val,19.12,physionet2016
physionet_e01646,data/processed/audio/physionet_e01646.wav,murmur,train,17.51,physionet2016
physionet_e01647,data/processed/audio/physionet_e01647.wav,murmur,train,18.95,physionet2016
physionet_e01648,data/processed/audio/physionet_e01648.wav,murmur,test,12.92,physionet2016
physionet_e01649,data/processed/audio/physionet_e01649.wav,murmur,train,13.43,physionet2016
physionet_e01650,data/processed/audio/physionet_e01650.wav,murmur,train,18.32,physionet2016
physionet_e01651,data/processed/audio/physionet_e01651.wav,normal,val,25.58,physionet2016
physionet_e01652,data/processed/audio/physionet_e01652.wav,murmur,test,11.29,physionet2016
physionet_e01653,data/processed/audio/physionet_e01653.wav,murmur,test,8.07,physionet2016
physionet_e01654,data/processed/audio/physionet_e01654.wav,murmur,train,31.9,physionet2016
physionet_e01655,data/processed/audio/physionet_e01655.wav,murmur,val,31.01,physionet2016
physionet_e01656,data/processed/audio/physionet_e01656.wav,murmur,train,14.53,physionet2016
physionet_e01657,data/processed/audio/physionet_e01657.wav,murmur,train,17.99,physionet2016
physionet_e01658,data/processed/audio/physionet_e01658.wav,murmur,val,36.95,physionet2016
physionet_e01659,data/processed/audio/physionet_e01659.wav,murmur,train,9.22,physionet2016
physionet_e01660,data/processed/audio/physionet_e01660.wav,murmur,train,21.42,physionet2016
physionet_e01661,data/processed/audio/physionet_e01661.wav,normal,test,9.5,physionet2016
physionet_e01662,data/processed/audio/physionet_e01662.wav,murmur,test,21.0,physionet2016
physionet_e01663,data/processed/audio/physionet_e01663.wav,murmur,train,10.5,physionet2016
physionet_e01664,data/processed/audio/physionet_e01664.wav,murmur,train,39.36,physionet2016
physionet_e01665,data/processed/audio/physionet_e01665.wav,normal,train,23.13,physionet2016
physionet_e01666,data/processed/audio/physionet_e01666.wav,murmur,train,23.32,physionet2016
physionet_e01667,data/processed/audio/physionet_e01667.wav,murmur,train,18.19,physionet2016
physionet_e01668,data/processed/audio/physionet_e01668.wav,normal,train,28.84,physionet2016
physionet_e01669,data/processed/audio/physionet_e01669.wav,murmur,val,9.88,physionet2016
physionet_e01670,data/processed/audio/physionet_e01670.wav,murmur,train,18.97,physionet2016
physionet_e01671,data/processed/audio/physionet_e01671.wav,murmur,train,77.0,physionet2016
physionet_e01672,data/processed/audio/physionet_e01672.wav,murmur,train,28.23,physionet2016
physionet_e01673,data/processed/audio/physionet_e01673.wav,murmur,test,25.5,physionet2016
physionet_e01674,data/processed/audio/physionet_e01674.wav,murmur,train,13.88,physionet2016
physionet_e01675,data/processed/audio/physionet_e01675.wav,murmur,train,22.94,physionet2016
physionet_e01676,data/processed/audio/physionet_e01676.wav,murmur,train,19.41,physionet2016
physionet_e01677,data/processed/audio/physionet_e01677.wav,murmur,train,10.89,physionet2016
physionet_e01678,data/processed/audio/physionet_e01678.wav,murmur,train,25.34,physionet2016
physionet_e01679,data/processed/audio/physionet_e01679.wav,murmur,val,9.59,physionet2016
physionet_e01680,data/processed/audio/physionet_e01680.wav,murmur,train,14.82,physionet2016
physionet_e01681,data/processed/audio/physionet_e01681.wav,murmur,val,64.32,physionet2016
physionet_e01682,data/processed/audio/physionet_e01682.wav,murmur,train,20.08,physionet2016
physionet_e01683,data/processed/audio/physionet_e01683.wav,murmur,train,10.45,physionet2016
physionet_e01684,data/processed/audio/physionet_e01684.wav,normal,train,11.45,physionet2016
physionet_e01685,data/processed/audio/physionet_e01685.wav,murmur,train,24.88,physionet2016
physionet_e01686,data/processed/audio/physionet_e01686.wav,normal,train,20.18,physionet2016
physionet_e01687,data/processed/audio/physionet_e01687.wav,murmur,train,30.68,physionet2016
physionet_e01688,data/processed/audio/physionet_e01688.wav,murmur,train,19.0,physionet2016
physionet_e01689,data/processed/audio/physionet_e01689.wav,normal,train,8.48,physionet2016
physionet_e01690,data/processed/audio/physionet_e01690.wav,murmur,train,28.78,physionet2016
physionet_e01691,data/processed/audio/physionet_e01691.wav,murmur,test,14.33,physionet2016
physionet_e01692,data/processed/audio/physionet_e01692.wav,murmur,train,22.57,physionet2016
physionet_e01693,data/processed/audio/physionet_e01693.wav,murmur,train,26.46,physionet2016
physionet_e01694,data/processed/audio/physionet_e01694.wav,murmur,train,18.99,physionet2016
physionet_e01695,data/processed/audio/physionet_e01695.wav,murmur,test,14.97,physionet2016
physionet_e01696,data/processed/audio/physionet_e01696.wav,murmur,train,49.67,physionet2016
physionet_e01697,data/processed/audio/physionet_e01697.wav,normal,test,21.04,physionet2016
physionet_e01698,data/processed/audio/physionet_e01698.wav,murmur,train,20.56,physionet2016
physionet_e01699,data/processed/audio/physionet_e01699.wav,murmur,train,18.39,physionet2016
physionet_e01700,data/processed/audio/physionet_e01700.wav,murmur,train,24.92,physionet2016
physionet_e01701,data/processed/audio/physionet_e01701.wav,murmur,train,34.2,physionet2016
physionet_e01702,data/processed/audio/physionet_e01702.wav,murmur,test,21.93,physionet2016
physionet_e01703,data/processed/audio/physionet_e01703.wav,murmur,train,17.54,physionet2016
physionet_e01704,data/processed/audio/physionet_e01704.wav,murmur,test,21.44,physionet2016
physionet_e01705,data/processed/audio/physionet_e01705.wav,murmur,train,17.69,physionet2016
physionet_e01706,data/processed/audio/physionet_e01706.wav,murmur,val,25.27,physionet2016
physionet_e01707,data/processed/audio/physionet_e01707.wav,murmur,val,21.39,physionet2016
physionet_e01708,data/processed/audio/physionet_e01708.wav,murmur,train,27.1,physionet2016
physionet_e01709,data/processed/audio/physionet_e01709.wav,murmur,train,15.53,physionet2016
physionet_e01710,data/processed/audio/physionet_e01710.wav,murmur,train,42.34,physionet2016
physionet_e01711,data/processed/audio/physionet_e01711.wav,normal,val,23.78,physionet2016
physionet_e01712,data/processed/audio/physionet_e01712.wav,murmur,train,10.68,physionet2016
physionet_e01713,data/processed/audio/physionet_e01713.wav,murmur,train,10.9,physionet2016
physionet_e01714,data/processed/audio/physionet_e01714.wav,murmur,train,24.89,physionet2016
physionet_e01715,data/processed/audio/physionet_e01715.wav,murmur,val,24.69,physionet2016
physionet_e01716,data/processed/audio/physionet_e01716.wav,murmur,train,25.32,physionet2016
physionet_e01717,data/processed/audio/physionet_e01717.wav,murmur,train,8.06,physionet2016
physionet_e01718,data/processed/audio/physionet_e01718.wav,murmur,train,14.24,physionet2016
physionet_e01719,data/processed/audio/physionet_e01719.wav,normal,test,20.57,physionet2016
physionet_e01720,data/processed/audio/physionet_e01720.wav,murmur,test,9.96,physionet2016
physionet_e01721,data/processed/audio/physionet_e01721.wav,murmur,train,29.27,physionet2016
physionet_e01722,data/processed/audio/physionet_e01722.wav,murmur,test,12.82,physionet2016
physionet_e01723,data/processed/audio/physionet_e01723.wav,murmur,train,20.56,physionet2016
physionet_e01724,data/processed/audio/physionet_e01724.wav,murmur,val,8.47,physionet2016
physionet_e01725,data/processed/audio/physionet_e01725.wav,murmur,test,17.02,physionet2016
physionet_e01726,data/processed/audio/physionet_e01726.wav,murmur,train,23.09,physionet2016
physionet_e01727,data/processed/audio/physionet_e01727.wav,murmur,train,49.65,physionet2016
physionet_e01728,data/processed/audio/physionet_e01728.wav,murmur,train,18.47,physionet2016
physionet_e01729,data/processed/audio/physionet_e01729.wav,murmur,train,20.2,physionet2016
physionet_e01730,data/processed/audio/physionet_e01730.wav,murmur,val,24.05,physionet2016
physionet_e01731,data/processed/audio/physionet_e01731.wav,murmur,train,9.93,physionet2016
physionet_e01732,data/processed/audio/physionet_e01732.wav,normal,train,32.65,physionet2016
physionet_e01733,data/processed/audio/physionet_e01733.wav,murmur,val,16.36,physionet2016
physionet_e01734,data/processed/audio/physionet_e01734.wav,murmur,train,18.03,physionet2016
physionet_e01735,data/processed/audio/physionet_e01735.wav,murmur,train,18.61,physionet2016
physionet_e01736,data/processed/audio/physionet_e01736.wav,murmur,train,24.71,physionet2016
physionet_e01737,data/processed/audio/physionet_e01737.wav,murmur,train,9.79,physionet2016
physionet_e01738,data/processed/audio/physionet_e01738.wav,murmur,test,15.01,physionet2016
physionet_e01739,data/processed/audio/physionet_e01739.wav,murmur,train,14.84,physionet2016
physionet_e01740,data/processed/audio/physionet_e01740.wav,murmur,test,25.67,physionet2016
physionet_e01741,data/processed/audio/physionet_e01741.wav,murmur,train,20.51,physionet2016
physionet_e01742,data/processed/audio/physionet_e01742.wav,murmur,train,28.11,physionet2016
physionet_e01743,data/processed/audio/physionet_e01743.wav,murmur,train,57.36,physionet2016
physionet_e01744,data/processed/audio/physionet_e01744.wav,murmur,val,9.8,physionet2016
physionet_e01745,data/processed/audio/physionet_e01745.wav,murmur,train,13.46,physionet2016
physionet_e01746,data/processed/audio/physionet_e01746.wav,murmur,train,37.78,physionet2016
physionet_e01747,data/processed/audio/physionet_e01747.wav,murmur,train,19.97,physionet2016
physionet_e01748,data/processed/audio/physionet_e01748.wav,murmur,val,14.5,physionet2016
physionet_e01749,data/processed/audio/physionet_e01749.wav,murmur,train,14.97,physionet2016
physionet_e01750,data/processed/audio/physionet_e01750.wav,murmur,train,23.36,physionet2016
physionet_e01751,data/processed/audio/physionet_e01751.wav,murmur,val,31.77,physionet2016
physionet_e01752,data/processed/audio/physionet_e01752.wav,murmur,val,15.56,physionet2016
physionet_e01753,data/processed/audio/physionet_e01753.wav,murmur,train,47.31,physionet2016
physionet_e01754,data/processed/audio/physionet_e01754.wav,murmur,train,12.77,physionet2016
physionet_e01755,data/processed/audio/physionet_e01755.wav,murmur,train,14.22,physionet2016
physionet_e01756,data/processed/audio/physionet_e01756.wav,normal,train,20.62,physionet2016
physionet_e01757,data/processed/audio/physionet_e01757.wav,murmur,val,19.68,physionet2016
physionet_e01758,data/processed/audio/physionet_e01758.wav,murmur,train,15.05,physionet2016
physionet_e01759,data/processed/audio/physionet_e01759.wav,murmur,train,19.46,physionet2016
physionet_e01760,data/processed/audio/physionet_e01760.wav,murmur,train,20.26,physionet2016
physionet_e01761,data/processed/audio/physionet_e01761.wav,murmur,train,13.72,physionet2016
physionet_e01762,data/processed/audio/physionet_e01762.wav,murmur,test,41.34,physionet2016
physionet_e01763,data/processed/audio/physionet_e01763.wav,murmur,train,14.58,physionet2016
physionet_e01764,data/processed/audio/physionet_e01764.wav,murmur,train,8.24,physionet2016
physionet_e01765,data/processed/audio/physionet_e01765.wav,murmur,val,57.39,physionet2016
physionet_e01766,data/processed/audio/physionet_e01766.wav,normal,train,22.38,physionet2016
physionet_e01767,data/processed/audio/physionet_e01767.wav,murmur,train,18.94,physionet2016
physionet_e01768,data/processed/audio/physionet_e01768.wav,murmur,train,16.18,physionet2016
physionet_e01769,data/processed/audio/physionet_e01769.wav,murmur,train,30.31,physionet2016
physionet_e01770,data/processed/audio/physionet_e01770.wav,murmur,train,42.24,physionet2016
physionet_e01771,data/processed/audio/physionet_e01771.wav,murmur,val,15.91,physionet2016
physionet_e01772,data/processed/audio/physionet_e01772.wav,murmur,val,34.75,physionet2016
physionet_e01773,data/processed/audio/physionet_e01773.wav,murmur,train,17.13,physionet2016
physionet_e01774,data/processed/audio/physionet_e01774.wav,murmur,train,21.45,physionet2016
physionet_e01775,data/processed/audio/physionet_e01775.wav,murmur,train,25.34,physionet2016
physionet_e01776,data/processed/audio/physionet_e01776.wav,murmur,val,18.7,physionet2016
physionet_e01777,data/processed/audio/physionet_e01777.wav,murmur,train,97.02,physionet2016
physionet_e01778,data/processed/audio/physionet_e01778.wav,murmur,train,23.87,physionet2016
physionet_e01779,data/processed/audio/physionet_e01779.wav,murmur,train,64.84,physionet2016
physionet_e01780,data/processed/audio/physionet_e01780.wav,murmur,train,38.54,physionet2016
physionet_e01781,data/processed/audio/physionet_e01781.wav,murmur,test,17.15,physionet2016
physionet_e01782,data/processed/audio/physionet_e01782.wav,murmur,train,15.3,physionet2016
physionet_e01783,data/processed/audio/physionet_e01783.wav,murmur,train,22.53,physionet2016
physionet_e01784,data/processed/audio/physionet_e01784.wav,murmur,train,29.77,physionet2016
physionet_e01785,data/processed/audio/physionet_e01785.wav,murmur,train,20.12,physionet2016
physionet_e01786,data/processed/audio/physionet_e01786.wav,murmur,train,18.45,physionet2016
physionet_e01787,data/processed/audio/physionet_e01787.wav,normal,test,13.75,physionet2016
physionet_e01788,data/processed/audio/physionet_e01788.wav,murmur,test,22.75,physionet2016
physionet_e01789,data/processed/audio/physionet_e01789.wav,murmur,train,20.56,physionet2016
physionet_e01790,data/processed/audio/physionet_e01790.wav,murmur,val,8.98,physionet2016
physionet_e01791,data/processed/audio/physionet_e01791.wav,normal,train,23.27,physionet2016
physionet_e01792,data/processed/audio/physionet_e01792.wav,murmur,val,18.81,physionet2016
physionet_e01793,data/processed/audio/physionet_e01793.wav,murmur,train,19.22,physionet2016
physionet_e01794,data/processed/audio/physionet_e01794.wav,murmur,train,13.73,physionet2016
physionet_e01795,data/processed/audio/physionet_e01795.wav,murmur,train,12.84,physionet2016
physionet_e01796,data/processed/audio/physionet_e01796.wav,murmur,train,23.09,physionet2016
physionet_e01797,data/processed/audio/physionet_e01797.wav,murmur,train,15.46,physionet2016
physionet_e01798,data/processed/audio/physionet_e01798.wav,murmur,train,26.77,physionet2016
physionet_e01799,data/processed/audio/physionet_e01799.wav,murmur,test,24.75,physionet2016
physionet_e01800,data/processed/audio/physionet_e01800.wav,murmur,test,20.64,physionet2016
physionet_e01801,data/processed/audio/physionet_e01801.wav,murmur,train,13.11,physionet2016
physionet_e01802,data/processed/audio/physionet_e01802.wav,murmur,test,20.46,physionet2016
physionet_e01803,data/processed/audio/physionet_e01803.wav,murmur,train,29.16,physionet2016
physionet_e01804,data/processed/audio/physionet_e01804.wav,murmur,train,19.22,physionet2016
physionet_e01805,data/processed/audio/physionet_e01805.wav,murmur,train,14.15,physionet2016
physionet_e01806,data/processed/audio/physionet_e01806.wav,murmur,val,35.37,physionet2016
physionet_e01807,data/processed/audio/physionet_e01807.wav,murmur,train,94.72,physionet2016
physionet_e01808,data/processed/audio/physionet_e01808.wav,murmur,train,16.41,physionet2016
physionet_e01809,data/processed/audio/physionet_e01809.wav,murmur,train,12.51,physionet2016
physionet_e01810,data/processed/audio/physionet_e01810.wav,murmur,train,11.18,physionet2016
physionet_e01811,data/processed/audio/physionet_e01811.wav,murmur,train,26.91,physionet2016
physionet_e01812,data/processed/audio/physionet_e01812.wav,normal,train,11.01,physionet2016
physionet_e01813,data/processed/audio/physionet_e01813.wav,murmur,train,21.19,physionet2016
physionet_e01814,data/processed/audio/physionet_e01814.wav,murmur,test,30.07,physionet2016
physionet_e01815,data/processed/audio/physionet_e01815.wav,murmur,train,10.08,physionet2016
physionet_e01816,data/processed/audio/physionet_e01816.wav,murmur,train,38.05,physionet2016
physionet_e01817,data/processed/audio/physionet_e01817.wav,murmur,train,21.9,physionet2016
physionet_e01818,data/processed/audio/physionet_e01818.wav,murmur,val,26.18,physionet2016
physionet_e01819,data/processed/audio/physionet_e01819.wav,murmur,train,15.68,physionet2016
physionet_e01820,data/processed/audio/physionet_e01820.wav,murmur,train,33.69,physionet2016
physionet_e01821,data/processed/audio/physionet_e01821.wav,murmur,train,21.2,physionet2016
physionet_e01822,data/processed/audio/physionet_e01822.wav,murmur,train,11.74,physionet2016
physionet_e01823,data/processed/audio/physionet_e01823.wav,murmur,train,19.98,physionet2016
physionet_e01824,data/processed/audio/physionet_e01824.wav,normal,train,23.78,physionet2016
physionet_e01825,data/processed/audio/physionet_e01825.wav,murmur,train,15.37,physionet2016
physionet_e01826,data/processed/audio/physionet_e01826.wav,murmur,test,18.68,physionet2016
physionet_e01827,data/processed/audio/physionet_e01827.wav,murmur,train,23.97,physionet2016
physionet_e01828,data/processed/audio/physionet_e01828.wav,murmur,test,31.35,physionet2016
physionet_e01829,data/processed/audio/physionet_e01829.wav,murmur,train,43.06,physionet2016
physionet_e01830,data/processed/audio/physionet_e01830.wav,murmur,val,21.35,physionet2016
physionet_e01831,data/processed/audio/physionet_e01831.wav,murmur,train,16.23,physionet2016
physionet_e01832,data/processed/audio/physionet_e01832.wav,normal,train,23.5,physionet2016
physionet_e01833,data/processed/audio/physionet_e01833.wav,murmur,val,22.41,physionet2016
physionet_e01834,data/processed/audio/physionet_e01834.wav,murmur,train,27.89,physionet2016
physionet_e01835,data/processed/audio/physionet_e01835.wav,murmur,test,21.96,physionet2016
physionet_e01836,data/processed/audio/physionet_e01836.wav,murmur,train,9.05,physionet2016
physionet_e01837,data/processed/audio/physionet_e01837.wav,murmur,train,13.95,physionet2016
physionet_e01838,data/processed/audio/physionet_e01838.wav,murmur,val,10.94,physionet2016
physionet_e01839,data/processed/audio/physionet_e01839.wav,murmur,train,29.49,physionet2016
physionet_e01840,data/processed/audio/physionet_e01840.wav,murmur,train,23.57,physionet2016
physionet_e01841,data/processed/audio/physionet_e01841.wav,murmur,test,15.42,physionet2016
physionet_e01842,data/processed/audio/physionet_e01842.wav,murmur,train,21.55,physionet2016
physionet_e01843,data/processed/audio/physionet_e01843.wav,murmur,val,31.38,physionet2016
physionet_e01844,data/processed/audio/physionet_e01844.wav,murmur,train,9.41,physionet2016
physionet_e01845,data/processed/audio/physionet_e01845.wav,murmur,train,18.0,physionet2016
physionet_e01846,data/processed/audio/physionet_e01846.wav,normal,train,16.0,physionet2016
physionet_e01847,data/processed/audio/physionet_e01847.wav,murmur,test,24.03,physionet2016
physionet_e01848,data/processed/audio/physionet_e01848.wav,normal,train,14.61,physionet2016
physionet_e01849,data/processed/audio/physionet_e01849.wav,murmur,train,32.04,physionet2016
physionet_e01850,data/processed/audio/physionet_e01850.wav,murmur,train,20.89,physionet2016
physionet_e01851,data/processed/audio/physionet_e01851.wav,murmur,train,31.49,physionet2016
physionet_e01852,data/processed/audio/physionet_e01852.wav,murmur,train,19.55,physionet2016
physionet_e01853,data/processed/audio/physionet_e01853.wav,murmur,test,11.27,physionet2016
physionet_e01854,data/processed/audio/physionet_e01854.wav,murmur,train,19.48,physionet2016
physionet_e01855,data/processed/audio/physionet_e01855.wav,normal,test,9.43,physionet2016
physionet_e01856,data/processed/audio/physionet_e01856.wav,normal,val,14.88,physionet2016
physionet_e01857,data/processed/audio/physionet_e01857.wav,normal,train,10.08,physionet2016
physionet_e01858,data/processed/audio/physionet_e01858.wav,murmur,train,24.33,physionet2016
physionet_e01859,data/processed/audio/physionet_e01859.wav,murmur,val,28.09,physionet2016
physionet_e01860,data/processed/audio/physionet_e01860.wav,murmur,train,22.18,physionet2016
physionet_e01861,data/processed/audio/physionet_e01861.wav,murmur,train,20.98,physionet2016
physionet_e01862,data/processed/audio/physionet_e01862.wav,murmur,train,26.71,physionet2016
physionet_e01863,data/processed/audio/physionet_e01863.wav,murmur,train,15.9,physionet2016
physionet_e01864,data/processed/audio/physionet_e01864.wav,murmur,train,36.31,physionet2016
physionet_e01865,data/processed/audio/physionet_e01865.wav,murmur,train,16.12,physionet2016
physionet_e01866,data/processed/audio/physionet_e01866.wav,murmur,train,18.41,physionet2016
physionet_e01867,data/processed/audio/physionet_e01867.wav,normal,train,15.42,physionet2016
physionet_e01868,data/processed/audio/physionet_e01868.wav,murmur,val,26.39,physionet2016
physionet_e01869,data/processed/audio/physionet_e01869.wav,normal,train,23.03,physionet2016
physionet_e01870,data/processed/audio/physionet_e01870.wav,murmur,val,24.64,physionet2016
physionet_e01871,data/processed/audio/physionet_e01871.wav,murmur,train,24.68,physionet2016
physionet_e01872,data/processed/audio/physionet_e01872.wav,murmur,train,17.67,physionet2016
physionet_e01873,data/processed/audio/physionet_e01873.wav,murmur,train,22.38,physionet2016
physionet_e01874,data/processed/audio/physionet_e01874.wav,murmur,train,30.14,physionet2016
physionet_e01875,data/processed/audio/physionet_e01875.wav,murmur,train,9.11,physionet2016
physionet_e01876,data/processed/audio/physionet_e01876.wav,murmur,train,42.13,physionet2016
physionet_e01877,data/processed/audio/physionet_e01877.wav,murmur,train,26.93,physionet2016
physionet_e01878,data/processed/audio/physionet_e01878.wav,murmur,train,17.95,physionet2016
physionet_e01879,data/processed/audio/physionet_e01879.wav,murmur,train,28.5,physionet2016
physionet_e01880,data/processed/audio/physionet_e01880.wav,murmur,train,20.61,physionet2016
physionet_e01881,data/processed/audio/physionet_e01881.wav,normal,test,12.65,physionet2016
physionet_e01882,data/processed/audio/physionet_e01882.wav,murmur,train,32.91,physionet2016
physionet_e01883,data/processed/audio/physionet_e01883.wav,murmur,train,25.95,physionet2016
physionet_e01884,data/processed/audio/physionet_e01884.wav,murmur,train,16.02,physionet2016
physionet_e01885,data/processed/audio/physionet_e01885.wav,murmur,train,18.3,physionet2016
physionet_e01886,data/processed/audio/physionet_e01886.wav,murmur,test,12.93,physionet2016
physionet_e01887,data/processed/audio/physionet_e01887.wav,murmur,val,16.33,physionet2016
physionet_e01888,data/processed/audio/physionet_e01888.wav,murmur,train,19.22,physionet2016
physionet_e01889,data/processed/audio/physionet_e01889.wav,murmur,val,13.4,physionet2016
physionet_e01890,data/processed/audio/physionet_e01890.wav,murmur,train,18.34,physionet2016
physionet_e01891,data/processed/audio/physionet_e01891.wav,murmur,train,19.14,physionet2016
physionet_e01892,data/processed/audio/physionet_e01892.wav,murmur,train,39.67,physionet2016
physionet_e01893,data/processed/audio/physionet_e01893.wav,murmur,train,17.59,physionet2016
physionet_e01894,data/processed/audio/physionet_e01894.wav,murmur,test,36.24,physionet2016
physionet_e01895,data/processed/audio/physionet_e01895.wav,murmur,train,23.24,physionet2016
physionet_e01896,data/processed/audio/physionet_e01896.wav,murmur,train,41.44,physionet2016
physionet_e01897,data/processed/audio/physionet_e01897.wav,murmur,train,11.47,physionet2016
physionet_e01898,data/processed/audio/physionet_e01898.wav,murmur,train,32.09,physionet2016
physionet_e01899,data/processed/audio/physionet_e01899.wav,murmur,train,100.97,physionet2016
physionet_e01900,data/processed/audio/physionet_e01900.wav,murmur,train,23.17,physionet2016
physionet_e01901,data/processed/audio/physionet_e01901.wav,murmur,train,30.24,physionet2016
physionet_e01902,data/processed/audio/physionet_e01902.wav,murmur,val,12.59,physionet2016
physionet_e01903,data/processed/audio/physionet_e01903.wav,murmur,train,27.68,physionet2016
physionet_e01904,data/processed/audio/physionet_e01904.wav,murmur,test,9.26,physionet2016
physionet_e01905,data/processed/audio/physionet_e01905.wav,murmur,train,23.26,physionet2016
physionet_e01906,data/processed/audio/physionet_e01906.wav,murmur,train,21.91,physionet2016
physionet_e01907,data/processed/audio/physionet_e01907.wav,murmur,train,14.33,physionet2016
physionet_e01908,data/processed/audio/physionet_e01908.wav,murmur,val,35.29,physionet2016
physionet_e01909,data/processed/audio/physionet_e01909.wav,murmur,val,26.99,physionet2016
physionet_e01910,data/processed/audio/physionet_e01910.wav,murmur,train,22.77,physionet2016
physionet_e01911,data/processed/audio/physionet_e01911.wav,murmur,train,17.61,physionet2016
physionet_e01912,data/processed/audio/physionet_e01912.wav,murmur,train,15.52,physionet2016
physionet_e01913,data/processed/audio/physionet_e01913.wav,murmur,test,22.7,physionet2016
physionet_e01914,data/processed/audio/physionet_e01914.wav,murmur,train,12.94,physionet2016
physionet_e01915,data/processed/audio/physionet_e01915.wav,murmur,train,13.68,physionet2016
physionet_e01916,data/processed/audio/physionet_e01916.wav,murmur,train,13.84,physionet2016
physionet_e01917,data/processed/audio/physionet_e01917.wav,normal,train,22.41,physionet2016
physionet_e01918,data/processed/audio/physionet_e01918.wav,murmur,train,17.86,physionet2016
physionet_e01919,data/processed/audio/physionet_e01919.wav,murmur,train,25.64,physionet2016
physionet_e01920,data/processed/audio/physionet_e01920.wav,murmur,train,23.41,physionet2016
physionet_e01921,data/processed/audio/physionet_e01921.wav,murmur,train,41.11,physionet2016
physionet_e01922,data/processed/audio/physionet_e01922.wav,normal,train,19.97,physionet2016
physionet_e01923,data/processed/audio/physionet_e01923.wav,murmur,train,16.91,physionet2016
physionet_e01924,data/processed/audio/physionet_e01924.wav,murmur,train,21.78,physionet2016
physionet_e01925,data/processed/audio/physionet_e01925.wav,murmur,test,22.99,physionet2016
physionet_e01926,data/processed/audio/physionet_e01926.wav,murmur,train,19.03,physionet2016
physionet_e01927,data/processed/audio/physionet_e01927.wav,murmur,val,21.39,physionet2016
physionet_e01928,data/processed/audio/physionet_e01928.wav,murmur,train,38.72,physionet2016
physionet_e01929,data/processed/audio/physionet_e01929.wav,normal,val,32.93,physionet2016
physionet_e01930,data/processed/audio/physionet_e01930.wav,murmur,train,18.38,physionet2016
physionet_e01931,data/processed/audio/physionet_e01931.wav,murmur,val,18.81,physionet2016
physionet_e01932,data/processed/audio/physionet_e01932.wav,murmur,val,16.09,physionet2016
physionet_e01933,data/processed/audio/physionet_e01933.wav,murmur,train,22.93,physionet2016
physionet_e01934,data/processed/audio/physionet_e01934.wav,murmur,train,17.22,physionet2016
physionet_e01935,data/processed/audio/physionet_e01935.wav,murmur,test,14.74,physionet2016
physionet_e01936,data/processed/audio/physionet_e01936.wav,murmur,train,21.27,physionet2016
physionet_e01937,data/processed/audio/physionet_e01937.wav,murmur,test,35.68,physionet2016
physionet_e01938,data/processed/audio/physionet_e01938.wav,murmur,train,37.38,physionet2016
physionet_e01939,data/processed/audio/physionet_e01939.wav,murmur,train,18.22,physionet2016
physionet_e01940,data/processed/audio/physionet_e01940.wav,murmur,train,12.3,physionet2016
physionet_e01941,data/processed/audio/physionet_e01941.wav,murmur,train,20.83,physionet2016
physionet_e01942,data/processed/audio/physionet_e01942.wav,murmur,train,10.31,physionet2016
physionet_e01943,data/processed/audio/physionet_e01943.wav,murmur,train,17.22,physionet2016
physionet_e01944,data/processed/audio/physionet_e01944.wav,murmur,train,27.13,physionet2016
physionet_e01945,data/processed/audio/physionet_e01945.wav,murmur,train,49.94,physionet2016
physionet_e01946,data/processed/audio/physionet_e01946.wav,murmur,train,12.9,physionet2016
physionet_e01947,data/processed/audio/physionet_e01947.wav,murmur,train,8.12,physionet2016
physionet_e01948,data/processed/audio/physionet_e01948.wav,murmur,train,22.4,physionet2016
physionet_e01949,data/processed/audio/physionet_e01949.wav,murmur,train,26.96,physionet2016
physionet_e01950,data/processed/audio/physionet_e01950.wav,murmur,train,28.57,physionet2016
physionet_e01951,data/processed/audio/physionet_e01951.wav,murmur,train,41.3,physionet2016
physionet_e01952,data/processed/audio/physionet_e01952.wav,murmur,train,26.26,physionet2016
physionet_e01953,data/processed/audio/physionet_e01953.wav,normal,train,12.12,physionet2016
physionet_e01954,data/processed/audio/physionet_e01954.wav,murmur,train,41.06,physionet2016
physionet_e01955,data/processed/audio/physionet_e01955.wav,murmur,val,11.91,physionet2016
physionet_e01956,data/processed/audio/physionet_e01956.wav,murmur,test,14.88,physionet2016
physionet_e01957,data/processed/audio/physionet_e01957.wav,murmur,train,10.39,physionet2016
physionet_e01958,data/processed/audio/physionet_e01958.wav,murmur,test,22.59,physionet2016
physionet_e01959,data/processed/audio/physionet_e01959.wav,murmur,train,30.7,physionet2016
physionet_e01960,data/processed/audio/physionet_e01960.wav,murmur,train,18.42,physionet2016
physionet_e01961,data/processed/audio/physionet_e01961.wav,murmur,train,40.15,physionet2016
physionet_e01962,data/processed/audio/physionet_e01962.wav,normal,train,8.82,physionet2016
physionet_e01963,data/processed/audio/physionet_e01963.wav,murmur,val,16.32,physionet2016
physionet_e01964,data/processed/audio/physionet_e01964.wav,murmur,val,19.29,physionet2016
physionet_e01965,data/processed/audio/physionet_e01965.wav,murmur,train,15.76,physionet2016
physionet_e01966,data/processed/audio/physionet_e01966.wav,murmur,test,23.68,physionet2016
physionet_e01967,data/processed/audio/physionet_e01967.wav,normal,train,23.68,physionet2016
physionet_e01968,data/processed/audio/physionet_e01968.wav,murmur,train,21.2,physionet2016
physionet_e01969,data/processed/audio/physionet_e01969.wav,murmur,train,9.91,physionet2016
physionet_e01970,data/processed/audio/physionet_e01970.wav,murmur,val,21.36,physionet2016
physionet_e01971,data/processed/audio/physionet_e01971.wav,normal,train,14.65,physionet2016
physionet_e01972,data/processed/audio/physionet_e01972.wav,murmur,train,17.78,physionet2016
physionet_e01973,data/processed/audio/physionet_e01973.wav,murmur,val,38.91,physionet2016
physionet_e01974,data/processed/audio/physionet_e01974.wav,murmur,train,44.98,physionet2016
physionet_e01975,data/processed/audio/physionet_e01975.wav,murmur,train,50.76,physionet2016
physionet_e01976,data/processed/audio/physionet_e01976.wav,murmur,train,48.48,physionet2016
physionet_e01977,data/processed/audio/physionet_e01977.wav,murmur,val,12.94,physionet2016
physionet_e01978,data/processed/audio/physionet_e01978.wav,normal,train,19.06,physionet2016
physionet_e01979,data/processed/audio/physionet_e01979.wav,murmur,train,38.08,physionet2016
physionet_e01980,data/processed/audio/physionet_e01980.wav,murmur,val,14.44,physionet2016
physionet_e01981,data/processed/audio/physionet_e01981.wav,murmur,test,35.94,physionet2016
physionet_e01982,data/processed/audio/physionet_e01982.wav,murmur,train,30.77,physionet2016
physionet_e01983,data/processed/audio/physionet_e01983.wav,murmur,train,19.55,physionet2016
physionet_e01984,data/processed/audio/physionet_e01984.wav,murmur,train,14.22,physionet2016
physionet_e01985,data/processed/audio/physionet_e01985.wav,murmur,train,18.25,physionet2016
physionet_e01986,data/processed/audio/physionet_e01986.wav,murmur,train,46.92,physionet2016
physionet_e01987,data/processed/audio/physionet_e01987.wav,murmur,train,18.11,physionet2016
physionet_e01988,data/processed/audio/physionet_e01988.wav,murmur,val,16.63,physionet2016
physionet_e01989,data/processed/audio/physionet_e01989.wav,murmur,train,17.36,physionet2016
physionet_e01990,data/processed/audio/physionet_e01990.wav,murmur,train,11.23,physionet2016
physionet_e01991,data/processed/audio/physionet_e01991.wav,murmur,train,10.36,physionet2016
physionet_e01992,data/processed/audio/physionet_e01992.wav,normal,train,23.78,physionet2016
physionet_e01993,data/processed/audio/physionet_e01993.wav,murmur,val,64.23,physionet2016
physionet_e01994,data/processed/audio/physionet_e01994.wav,murmur,test,15.94,physionet2016
physionet_e01995,data/processed/audio/physionet_e01995.wav,normal,train,21.5,physionet2016
physionet_e01996,data/processed/audio/physionet_e01996.wav,murmur,train,26.85,physionet2016
physionet_e01997,data/processed/audio/physionet_e01997.wav,murmur,train,14.04,physionet2016
physionet_e01998,data/processed/audio/physionet_e01998.wav,murmur,val,22.09,physionet2016
physionet_e01999,data/processed/audio/physionet_e01999.wav,murmur,val,10.89,physionet2016
physionet_e02000,data/processed/audio/physionet_e02000.wav,murmur,train,26.79,physionet2016
physionet_e02001,data/processed/audio/physionet_e02001.wav,murmur,train,22.81,physionet2016
physionet_e02002,data/processed/audio/physionet_e02002.wav,murmur,train,17.49,physionet2016
physionet_e02003,data/processed/audio/physionet_e02003.wav,murmur,train,64.29,physionet2016
physionet_e02004,data/processed/audio/physionet_e02004.wav,murmur,train,13.46,physionet2016
physionet_e02005,data/processed/audio/physionet_e02005.wav,murmur,train,15.25,physionet2016
physionet_e02006,data/processed/audio/physionet_e02006.wav,murmur,train,9.16,physionet2016
physionet_e02007,data/processed/audio/physionet_e02007.wav,murmur,train,19.51,physionet2016
physionet_e02008,data/processed/audio/physionet_e02008.wav,murmur,train,17.57,physionet2016
physionet_e02009,data/processed/audio/physionet_e02009.wav,murmur,train,27.92,physionet2016
physionet_e02010,data/processed/audio/physionet_e02010.wav,murmur,test,21.11,physionet2016
physionet_e02011,data/processed/audio/physionet_e02011.wav,murmur,test,22.05,physionet2016
physionet_e02012,data/processed/audio/physionet_e02012.wav,murmur,test,18.66,physionet2016
physionet_e02013,data/processed/audio/physionet_e02013.wav,murmur,val,19.94,physionet2016
physionet_e02014,data/processed/audio/physionet_e02014.wav,murmur,test,33.44,physionet2016
physionet_e02015,data/processed/audio/physionet_e02015.wav,murmur,train,10.57,physionet2016
physionet_e02016,data/processed/audio/physionet_e02016.wav,murmur,train,21.45,physionet2016
physionet_e02017,data/processed/audio/physionet_e02017.wav,murmur,val,43.79,physionet2016
physionet_e02018,data/processed/audio/physionet_e02018.wav,murmur,train,42.26,physionet2016
physionet_e02019,data/processed/audio/physionet_e02019.wav,murmur,train,17.21,physionet2016
physionet_e02020,data/processed/audio/physionet_e02020.wav,murmur,val,18.6,physionet2016
physionet_e02021,data/processed/audio/physionet_e02021.wav,murmur,train,14.82,physionet2016
physionet_e02022,data/processed/audio/physionet_e02022.wav,murmur,train,32.76,physionet2016
physionet_e02023,data/processed/audio/physionet_e02023.wav,murmur,train,16.95,physionet2016
physionet_e02024,data/processed/audio/physionet_e02024.wav,murmur,train,29.09,physionet2016
physionet_e02025,data/processed/audio/physionet_e02025.wav,murmur,train,29.15,physionet2016
physionet_e02026,data/processed/audio/physionet_e02026.wav,murmur,train,24.94,physionet2016
physionet_e02027,data/processed/audio/physionet_e02027.wav,murmur,train,22.91,physionet2016
physionet_e02028,data/processed/audio/physionet_e02028.wav,murmur,train,38.02,physionet2016
physionet_e02029,data/processed/audio/physionet_e02029.wav,murmur,train,13.51,physionet2016
physionet_e02030,data/processed/audio/physionet_e02030.wav,normal,val,16.77,physionet2016
physionet_e02031,data/processed/audio/physionet_e02031.wav,murmur,train,9.17,physionet2016
physionet_e02032,data/processed/audio/physionet_e02032.wav,normal,train,9.5,physionet2016
physionet_e02033,data/processed/audio/physionet_e02033.wav,murmur,train,33.18,physionet2016
physionet_e02034,data/processed/audio/physionet_e02034.wav,murmur,train,21.39,physionet2016
physionet_e02035,data/processed/audio/physionet_e02035.wav,murmur,val,24.5,physionet2016
physionet_e02036,data/processed/audio/physionet_e02036.wav,murmur,train,41.58,physionet2016
physionet_e02037,data/processed/audio/physionet_e02037.wav,murmur,train,25.53,physionet2016
physionet_e02038,data/processed/audio/physionet_e02038.wav,murmur,train,51.21,physionet2016
physionet_e02039,data/processed/audio/physionet_e02039.wav,murmur,train,11.22,physionet2016
physionet_e02040,data/processed/audio/physionet_e02040.wav,murmur,test,38.95,physionet2016
physionet_e02041,data/processed/audio/physionet_e02041.wav,murmur,train,8.82,physionet2016
physionet_e02042,data/processed/audio/physionet_e02042.wav,murmur,train,31.93,physionet2016
physionet_e02043,data/processed/audio/physionet_e02043.wav,murmur,train,21.9,physionet2016
physionet_e02044,data/processed/audio/physionet_e02044.wav,normal,train,31.29,physionet2016
physionet_e02045,data/processed/audio/physionet_e02045.wav,murmur,train,20.89,physionet2016
physionet_e02046,data/processed/audio/physionet_e02046.wav,murmur,val,21.11,physionet2016
physionet_e02047,data/processed/audio/physionet_e02047.wav,murmur,train,21.88,physionet2016
physionet_e02048,data/processed/audio/physionet_e02048.wav,murmur,train,38.83,physionet2016
physionet_e02049,data/processed/audio/physionet_e02049.wav,murmur,train,54.2,physionet2016
physionet_e02050,data/processed/audio/physionet_e02050.wav,murmur,train,21.05,physionet2016
physionet_e02051,data/processed/audio/physionet_e02051.wav,murmur,train,18.09,physionet2016
physionet_e02052,data/processed/audio/physionet_e02052.wav,murmur,train,9.65,physionet2016
physionet_e02053,data/processed/audio/physionet_e02053.wav,murmur,train,24.69,physionet2016
physionet_e02054,data/processed/audio/physionet_e02054.wav,murmur,train,21.49,physionet2016
physionet_e02055,data/processed/audio/physionet_e02055.wav,murmur,test,14.75,physionet2016
physionet_e02056,data/processed/audio/physionet_e02056.wav,murmur,train,14.93,physionet2016
physionet_e02057,data/processed/audio/physionet_e02057.wav,murmur,train,12.47,physionet2016
physionet_e02058,data/processed/audio/physionet_e02058.wav,murmur,val,31.44,physionet2016
physionet_e02059,data/processed/audio/physionet_e02059.wav,murmur,train,11.52,physionet2016
physionet_e02060,data/processed/audio/physionet_e02060.wav,murmur,train,30.42,physionet2016
physionet_e02061,data/processed/audio/physionet_e02061.wav,murmur,train,14.56,physionet2016
physionet_e02062,data/processed/audio/physionet_e02062.wav,murmur,train,21.94,physionet2016
physionet_e02063,data/processed/audio/physionet_e02063.wav,murmur,train,18.75,physionet2016
physionet_e02064,data/processed/audio/physionet_e02064.wav,murmur,train,31.98,physionet2016
physionet_e02065,data/processed/audio/physionet_e02065.wav,normal,train,15.88,physionet2016
physionet_e02066,data/processed/audio/physionet_e02066.wav,murmur,train,10.99,physionet2016
physionet_e02067,data/processed/audio/physionet_e02067.wav,murmur,test,25.19,physionet2016
physionet_e02068,data/processed/audio/physionet_e02068.wav,murmur,train,8.09,physionet2016
physionet_e02069,data/processed/audio/physionet_e02069.wav,murmur,val,37.53,physionet2016
physionet_e02070,data/processed/audio/physionet_e02070.wav,murmur,train,12.36,physionet2016
physionet_e02071,data/processed/audio/physionet_e02071.wav,murmur,train,18.15,physionet2016
physionet_e02072,data/processed/audio/physionet_e02072.wav,murmur,train,11.03,physionet2016
physionet_e02073,data/processed/audio/physionet_e02073.wav,murmur,train,19.55,physionet2016
physionet_e02074,data/processed/audio/physionet_e02074.wav,normal,train,20.18,physionet2016
physionet_e02075,data/processed/audio/physionet_e02075.wav,murmur,test,30.13,physionet2016
physionet_e02076,data/processed/audio/physionet_e02076.wav,murmur,train,25.57,physionet2016
physionet_e02077,data/processed/audio/physionet_e02077.wav,murmur,val,37.77,physionet2016
physionet_e02078,data/processed/audio/physionet_e02078.wav,murmur,val,8.7,physionet2016
physionet_e02079,data/processed/audio/physionet_e02079.wav,murmur,train,26.57,physionet2016
physionet_e02080,data/processed/audio/physionet_e02080.wav,murmur,train,31.39,physionet2016
physionet_e02081,data/processed/audio/physionet_e02081.wav,murmur,train,15.92,physionet2016
physionet_e02082,data/processed/audio/physionet_e02082.wav,murmur,train,18.99,physionet2016
physionet_e02083,data/processed/audio/physionet_e02083.wav,murmur,train,16.61,physionet2016
physionet_e02084,data/processed/audio/physionet_e02084.wav,murmur,train,30.73,physionet2016
physionet_e02085,data/processed/audio/physionet_e02085.wav,normal,train,12.96,physionet2016
physionet_e02086,data/processed/audio/physionet_e02086.wav,murmur,train,20.68,physionet2016
physionet_e02087,data/processed/audio/physionet_e02087.wav,murmur,train,9.23,physionet2016
physionet_e02088,data/processed/audio/physionet_e02088.wav,murmur,val,18.95,physionet2016
physionet_e02089,data/processed/audio/physionet_e02089.wav,murmur,val,9.59,physionet2016
physionet_e02090,data/processed/audio/physionet_e02090.wav,murmur,val,22.36,physionet2016
physionet_e02091,data/processed/audio/physionet_e02091.wav,murmur,train,28.78,physionet2016
physionet_e02092,data/processed/audio/physionet_e02092.wav,murmur,test,12.89,physionet2016
physionet_e02093,data/processed/audio/physionet_e02093.wav,murmur,train,16.0,physionet2016
physionet_e02094,data/processed/audio/physionet_e02094.wav,murmur,val,36.56,physionet2016
physionet_e02095,data/processed/audio/physionet_e02095.wav,murmur,test,15.32,physionet2016
physionet_e02096,data/processed/audio/physionet_e02096.wav,murmur,train,17.32,physionet2016
physionet_e02097,data/processed/audio/physionet_e02097.wav,normal,train,16.77,physionet2016
physionet_e02098,data/processed/audio/physionet_e02098.wav,murmur,test,13.37,physionet2016
physionet_e02099,data/processed/audio/physionet_e02099.wav,murmur,train,31.09,physionet2016
physionet_e02100,data/processed/audio/physionet_e02100.wav,murmur,train,12.27,physionet2016
physionet_e02101,data/processed/audio/physionet_e02101.wav,normal,train,11.84,physionet2016
physionet_e02102,data/processed/audio/physionet_e02102.wav,normal,train,23.34,physionet2016
physionet_e02103,data/processed/audio/physionet_e02103.wav,murmur,train,25.51,physionet2016
physionet_e02104,data/processed/audio/physionet_e02104.wav,murmur,train,15.56,physionet2016
physionet_e02105,data/processed/audio/physionet_e02105.wav,murmur,train,22.09,physionet2016
physionet_e02106,data/processed/audio/physionet_e02106.wav,murmur,train,19.59,physionet2016
physionet_e02107,data/processed/audio/physionet_e02107.wav,murmur,train,22.88,physionet2016
physionet_e02108,data/processed/audio/physionet_e02108.wav,normal,train,19.2,physionet2016
physionet_e02109,data/processed/audio/physionet_e02109.wav,murmur,train,25.29,physionet2016
physionet_e02110,data/processed/audio/physionet_e02110.wav,murmur,train,14.52,physionet2016
physionet_e02111,data/processed/audio/physionet_e02111.wav,murmur,train,22.66,physionet2016
physionet_e02112,data/processed/audio/physionet_e02112.wav,murmur,train,20.72,physionet2016
physionet_e02113,data/processed/audio/physionet_e02113.wav,murmur,test,17.45,physionet2016
physionet_e02114,data/processed/audio/physionet_e02114.wav,murmur,train,31.13,physionet2016
physionet_e02115,data/processed/audio/physionet_e02115.wav,murmur,train,9.08,physionet2016
physionet_e02116,data/processed/audio/physionet_e02116.wav,murmur,train,22.43,physionet2016
physionet_e02117,data/processed/audio/physionet_e02117.wav,murmur,train,26.8,physionet2016
physionet_e02118,data/processed/audio/physionet_e02118.wav,murmur,test,21.27,physionet2016
physionet_e02119,data/processed/audio/physionet_e02119.wav,murmur,val,11.2,physionet2016
physionet_e02120,data/processed/audio/physionet_e02120.wav,murmur,val,24.49,physionet2016
physionet_e02121,data/processed/audio/physionet_e02121.wav,normal,train,12.56,physionet2016
physionet_e02122,data/processed/audio/physionet_e02122.wav,murmur,test,19.87,physionet2016
physionet_e02123,data/processed/audio/physionet_e02123.wav,murmur,val,17.48,physionet2016
physionet_e02124,data/processed/audio/physionet_e02124.wav,murmur,train,8.53,physionet2016
physionet_e02125,data/processed/audio/physionet_e02125.wav,murmur,test,23.77,physionet2016
physionet_e02126,data/processed/audio/physionet_e02126.wav,normal,train,20.29,physionet2016
physionet_e02127,data/processed/audio/physionet_e02127.wav,murmur,train,32.4,physionet2016
physionet_e02128,data/processed/audio/physionet_e02128.wav,murmur,train,22.48,physionet2016
physionet_e02129,data/processed/audio/physionet_e02129.wav,murmur,train,16.41,physionet2016
physionet_e02130,data/processed/audio/physionet_e02130.wav,murmur,train,11.94,physionet2016
physionet_e02131,data/processed/audio/physionet_e02131.wav,murmur,train,14.9,physionet2016
physionet_e02132,data/processed/audio/physionet_e02132.wav,murmur,train,36.31,physionet2016
physionet_e02133,data/processed/audio/physionet_e02133.wav,normal,val,14.42,physionet2016
physionet_e02134,data/processed/audio/physionet_e02134.wav,murmur,train,13.08,physionet2016
physionet_e02135,data/processed/audio/physionet_e02135.wav,normal,train,12.56,physionet2016
physionet_e02136,data/processed/audio/physionet_e02136.wav,murmur,train,22.03,physionet2016
physionet_e02137,data/processed/audio/physionet_e02137.wav,normal,test,21.25,physionet2016
physionet_e02138,data/processed/audio/physionet_e02138.wav,murmur,train,23.74,physionet2016
physionet_e02139,data/processed/audio/physionet_e02139.wav,murmur,train,12.28,physionet2016
physionet_e02140,data/processed/audio/physionet_e02140.wav,murmur,train,27.21,physionet2016
physionet_e02141,data/processed/audio/physionet_e02141.wav,murmur,train,27.5,physionet2016
physionet_f0001,data/processed/audio/physionet_f0001.wav,murmur,train,31.82,physionet2016
physionet_f0002,data/processed/audio/physionet_f0002.wav,murmur,train,30.34,physionet2016
physionet_f0003,data/processed/audio/physionet_f0003.wav,normal,train,31.82,physionet2016
physionet_f0004,data/processed/audio/physionet_f0004.wav,murmur,val,35.14,physionet2016
physionet_f0005,data/processed/audio/physionet_f0005.wav,murmur,train,39.74,physionet2016
physionet_f0006,data/processed/audio/physionet_f0006.wav,murmur,train,32.21,physionet2016
physionet_f0007,data/processed/audio/physionet_f0007.wav,normal,test,30.43,physionet2016
physionet_f0008,data/processed/audio/physionet_f0008.wav,normal,train,42.34,physionet2016
physionet_f0009,data/processed/audio/physionet_f0009.wav,murmur,test,30.43,physionet2016
physionet_f0010,data/processed/audio/physionet_f0010.wav,murmur,train,32.45,physionet2016
physionet_f0011,data/processed/audio/physionet_f0011.wav,murmur,val,59.62,physionet2016
physionet_f0012,data/processed/audio/physionet_f0012.wav,normal,train,33.36,physionet2016
physionet_f0013,data/processed/audio/physionet_f0013.wav,murmur,train,34.27,physionet2016
physionet_f0014,data/processed/audio/physionet_f0014.wav,murmur,train,43.1,physionet2016
physionet_f0015,data/processed/audio/physionet_f0015.wav,murmur,test,31.58,physionet2016
physionet_f0016,data/processed/audio/physionet_f0016.wav,murmur,train,31.63,physionet2016
physionet_f0017,data/processed/audio/physionet_f0017.wav,murmur,train,31.82,physionet2016
physionet_f0018,data/processed/audio/physionet_f0018.wav,normal,val,30.53,physionet2016
physionet_f0019,data/processed/audio/physionet_f0019.wav,murmur,train,30.67,physionet2016
physionet_f0020,data/processed/audio/physionet_f0020.wav,normal,val,30.86,physionet2016
physionet_f0021,data/processed/audio/physionet_f0021.wav,murmur,test,32.35,physionet2016
physionet_f0022,data/processed/audio/physionet_f0022.wav,murmur,train,30.48,physionet2016
physionet_f0023,data/processed/audio/physionet_f0023.wav,murmur,test,30.58,physionet2016
physionet_f0024,data/processed/audio/physionet_f0024.wav,murmur,train,32.16,physionet2016
physionet_f0025,data/processed/audio/physionet_f0025.wav,murmur,train,34.51,physionet2016
physionet_f0026,data/processed/audio/physionet_f0026.wav,murmur,train,31.63,physionet2016
physionet_f0027,data/processed/audio/physionet_f0027.wav,murmur,val,29.95,physionet2016
physionet_f0028,data/processed/audio/physionet_f0028.wav,murmur,train,34.13,physionet2016
physionet_f0029,data/processed/audio/physionet_f0029.wav,normal,train,32.54,physionet2016
physionet_f0030,data/processed/audio/physionet_f0030.wav,murmur,train,33.55,physionet2016
physionet_f0031,data/processed/audio/physionet_f0031.wav,murmur,train,31.54,physionet2016
physionet_f0032,data/processed/audio/physionet_f0032.wav,murmur,test,30.82,physionet2016
physionet_f0033,data/processed/audio/physionet_f0033.wav,murmur,val,31.73,physionet2016
physionet_f0034,data/processed/audio/physionet_f0034.wav,normal,train,32.26,physionet2016
physionet_f0035,data/processed/audio/physionet_f0035.wav,normal,train,32.3,physionet2016
physionet_f0036,data/processed/audio/physionet_f0036.wav,murmur,train,30.48,physionet2016
physionet_f0037,data/processed/audio/physionet_f0037.wav,murmur,test,32.77,physionet2016
physionet_f0038,data/processed/audio/physionet_f0038.wav,murmur,train,32.93,physionet2016
physionet_f0039,data/processed/audio/physionet_f0039.wav,murmur,val,35.04,physionet2016
physionet_f0040,data/processed/audio/physionet_f0040.wav,murmur,train,31.49,physionet2016
physionet_f0041,data/processed/audio/physionet_f0041.wav,normal,test,39.55,physionet2016
physionet_f0042,data/processed/audio/physionet_f0042.wav,murmur,train,32.4,physionet2016
physionet_f0043,data/processed/audio/physionet_f0043.wav,murmur,train,35.18,physionet2016
physionet_f0044,data/processed/audio/physionet_f0044.wav,murmur,train,30.1,physionet2016
physionet_f0045,data/processed/audio/physionet_f0045.wav,normal,train,35.95,physionet2016
physionet_f0046,data/processed/audio/physionet_f0046.wav,murmur,val,39.65,physionet2016
physionet_f0047,data/processed/audio/physionet_f0047.wav,normal,test,31.73,physionet2016
physionet_f0048,data/processed/audio/physionet_f0048.wav,murmur,train,32.3,physionet2016
physionet_f0049,data/processed/audio/physionet_f0049.wav,murmur,train,33.22,physionet2016
physionet_f0050,data/processed/audio/physionet_f0050.wav,normal,train,30.43,physionet2016
physionet_f0051,data/processed/audio/physionet_f0051.wav,murmur,val,31.25,physionet2016
physionet_f0052,data/processed/audio/physionet_f0052.wav,normal,train,33.41,physionet2016
physionet_f0053,data/processed/audio/physionet_f0053.wav,murmur,test,32.59,physionet2016
physionet_f0054,data/processed/audio/physionet_f0054.wav,murmur,train,30.96,physionet2016
physionet_f0055,data/processed/audio/physionet_f0055.wav,murmur,val,34.51,physionet2016
physionet_f0056,data/processed/audio/physionet_f0056.wav,normal,val,30.86,physionet2016
physionet_f0057,data/processed/audio/physionet_f0057.wav,normal,train,31.06,physionet2016
physionet_f0058,data/processed/audio/physionet_f0058.wav,murmur,val,40.61,physionet2016
physionet_f0059,data/processed/audio/physionet_f0059.wav,murmur,val,52.32,physionet2016
physionet_f0060,data/processed/audio/physionet_f0060.wav,normal,train,31.3,physionet2016
physionet_f0061,data/processed/audio/physionet_f0061.wav,murmur,train,30.77,physionet2016
physionet_f0062,data/processed/audio/physionet_f0062.wav,murmur,train,31.25,physionet2016
physionet_f0063,data/processed/audio/physionet_f0063.wav,normal,train,31.2,physionet2016
physionet_f0064,data/processed/audio/physionet_f0064.wav,normal,train,34.9,physionet2016
physionet_f0065,data/processed/audio/physionet_f0065.wav,murmur,val,29.66,physionet2016
physionet_f0066,data/processed/audio/physionet_f0066.wav,murmur,train,30.29,physionet2016
physionet_f0067,data/processed/audio/physionet_f0067.wav,normal,test,32.88,physionet2016
physionet_f0068,data/processed/audio/physionet_f0068.wav,normal,train,33.5,physionet2016
physionet_f0069,data/processed/audio/physionet_f0069.wav,normal,train,33.7,physionet2016
physionet_f0070,data/processed/audio/physionet_f0070.wav,murmur,val,31.34,physionet2016
physionet_f0071,data/processed/audio/physionet_f0071.wav,normal,val,30.67,physionet2016
physionet_f0072,data/processed/audio/physionet_f0072.wav,normal,test,30.69,physionet2016
physionet_f0073,data/processed/audio/physionet_f0073.wav,murmur,train,30.91,physionet2016
physionet_f0074,data/processed/audio/physionet_f0074.wav,murmur,train,33.89,physionet2016
physionet_f0075,data/processed/audio/physionet_f0075.wav,murmur,train,30.96,physionet2016
physionet_f0076,data/processed/audio/physionet_f0076.wav,murmur,train,32.78,physionet2016
physionet_f0077,data/processed/audio/physionet_f0077.wav,murmur,train,33.89,physionet2016
physionet_f0078,data/processed/audio/physionet_f0078.wav,murmur,val,32.78,physionet2016
physionet_f0079,data/processed/audio/physionet_f0079.wav,normal,train,36.58,physionet2016
physionet_f0080,data/processed/audio/physionet_f0080.wav,murmur,val,30.57,physionet2016
physionet_f0081,data/processed/audio/physionet_f0081.wav,murmur,train,31.1,physionet2016
physionet_f0082,data/processed/audio/physionet_f0082.wav,normal,test,31.54,physionet2016
physionet_f0083,data/processed/audio/physionet_f0083.wav,normal,train,35.38,physionet2016
physionet_f0084,data/processed/audio/physionet_f0084.wav,murmur,train,34.22,physionet2016
physionet_f0085,data/processed/audio/physionet_f0085.wav,normal,train,30.05,physionet2016
physionet_f0086,data/processed/audio/physionet_f0086.wav,murmur,test,31.68,physionet2016
physionet_f0087,data/processed/audio/physionet_f0087.wav,murmur,test,31.78,physionet2016
physionet_f0088,data/processed/audio/physionet_f0088.wav,murmur,test,31.25,physionet2016
physionet_f0089,data/processed/audio/physionet_f0089.wav,normal,train,32.45,physionet2016
physionet_f0090,data/processed/audio/physionet_f0090.wav,normal,test,30.0,physionet2016
physionet_f0091,data/processed/audio/physionet_f0091.wav,murmur,test,37.34,physionet2016
physionet_f0092,data/processed/audio/physionet_f0092.wav,murmur,train,31.82,physionet2016
physionet_f0093,data/processed/audio/physionet_f0093.wav,normal,train,30.67,physionet2016
physionet_f0094,data/processed/audio/physionet_f0094.wav,murmur,test,30.34,physionet2016
physionet_f0095,data/processed/audio/physionet_f0095.wav,murmur,train,41.09,physionet2016
physionet_f0096,data/processed/audio/physionet_f0096.wav,normal,test,32.5,physionet2016
physionet_f0097,data/processed/audio/physionet_f0097.wav,murmur,train,56.69,physionet2016
physionet_f0098,data/processed/audio/physionet_f0098.wav,murmur,train,29.62,physionet2016
physionet_f0099,data/processed/audio/physionet_f0099.wav,normal,train,30.49,physionet2016
physionet_f0100,data/processed/audio/physionet_f0100.wav,murmur,train,31.34,physionet2016
physionet_f0101,data/processed/audio/physionet_f0101.wav,murmur,train,30.96,physionet2016
physionet_f0102,data/processed/audio/physionet_f0102.wav,murmur,train,31.15,physionet2016
physionet_f0103,data/processed/audio/physionet_f0103.wav,normal,train,31.73,physionet2016
physionet_f0104,data/processed/audio/physionet_f0104.wav,murmur,train,30.86,physionet2016
physionet_f0105,data/processed/audio/physionet_f0105.wav,murmur,val,30.34,physionet2016
physionet_f0106,data/processed/audio/physionet_f0106.wav,murmur,train,32.32,physionet2016
physionet_f0107,data/processed/audio/physionet_f0107.wav,murmur,train,30.58,physionet2016
physionet_f0108,data/processed/audio/physionet_f0108.wav,murmur,train,30.53,physionet2016
physionet_f0109,data/processed/audio/physionet_f0109.wav,murmur,train,30.77,physionet2016
physionet_f0110,data/processed/audio/physionet_f0110.wav,murmur,test,30.67,physionet2016
physionet_f0111,data/processed/audio/physionet_f0111.wav,murmur,train,29.38,physionet2016
physionet_f0112,data/processed/audio/physionet_f0112.wav,murmur,train,30.43,physionet2016
physionet_f0113,data/processed/audio/physionet_f0113.wav,murmur,train,32.98,physionet2016
physionet_f0114,data/processed/audio/physionet_f0114.wav,murmur,train,31.39,physionet2016
